dataset/toyota camry 1985 exterior/f09d9483c8.jpg,camry,toyota,1985
dataset/toyota camry 1985 exterior/184e96f8fe.jpg,camry,toyota,1985
dataset/toyota camry 1985 exterior/d7f22f0f55.jpg,camry,toyota,1985
dataset/toyota camry 1985 exterior/efea4bc06a.jpg,camry,toyota,1985
dataset/toyota camry 1985 exterior/fda182e016.jpg,camry,toyota,1985
dataset/toyota camry 1985 exterior/fcbf1688ca.jpg,camry,toyota,1985
dataset/toyota camry 1985 exterior/bf9006600e.jpg,camry,toyota,1985
dataset/toyota camry 1985 exterior/ea31b7e3f8.jpg,camry,toyota,1985
dataset/toyota camry 1985 exterior/cadb50887a.jpg,camry,toyota,1985
dataset/toyota camry 1985 exterior/f91ed7bf0f.jpg,camry,toyota,1985
dataset/toyota camry 1985 exterior/53b72df08d.jpg,camry,toyota,1985
dataset/toyota camry 1985 exterior/94b227731d.jpg,camry,toyota,1985
dataset/toyota camry 1985 exterior/714ea4d0f3.jpg,camry,toyota,1985
dataset/toyota camry 1985 exterior/ad957cba59.jpg,camry,toyota,1985
dataset/toyota camry 1985 exterior/c2142160b1.jpg,camry,toyota,1985
dataset/toyota camry 1985 exterior/9a47e71843.jpg,camry,toyota,1985
dataset/toyota camry 1985 exterior/819f5394b6.jpg,camry,toyota,1985
dataset/toyota camry 1985 exterior/3c6feaaccb.jpg,camry,toyota,1985
dataset/toyota camry 1985 exterior/1f795edcc8.jpg,camry,toyota,1985
dataset/toyota camry 1985 exterior/d03f257263.jpg,camry,toyota,1985
dataset/toyota camry 1985 exterior/a6785a5d10.jpg,camry,toyota,1985
dataset/toyota camry 1985 exterior/fd8885dddd.jpg,camry,toyota,1985
dataset/toyota camry 2015 exterior/6a48b3b065.jpg,camry,toyota,2015
dataset/toyota camry 2015 exterior/5201d29c5c.jpg,camry,toyota,2015
dataset/toyota camry 2015 exterior/0cb596ac04.jpg,camry,toyota,2015
dataset/toyota camry 2015 exterior/7a43506e9b.jpg,camry,toyota,2015
dataset/toyota camry 2015 exterior/f8667c93d9.jpg,camry,toyota,2015
dataset/toyota camry 2015 exterior/f8da538016.jpg,camry,toyota,2015
dataset/toyota camry 2015 exterior/de45d0897f.jpg,camry,toyota,2015
dataset/toyota camry 2015 exterior/ad68da0e36.jpg,camry,toyota,2015
dataset/toyota camry 2015 exterior/11d41be630.jpg,camry,toyota,2015
dataset/toyota camry 2015 exterior/f118554fe0.jpg,camry,toyota,2015
dataset/toyota camry 2015 exterior/6abff05178.jpg,camry,toyota,2015
dataset/toyota camry 2015 exterior/e14875e39b.jpg,camry,toyota,2015
dataset/toyota camry 2015 exterior/d277962930.jpg,camry,toyota,2015
dataset/toyota camry 2015 exterior/14cef2021d.jpg,camry,toyota,2015
dataset/toyota camry 2015 exterior/4f099b5bda.jpg,camry,toyota,2015
dataset/toyota camry 2015 exterior/b0300c8d4d.jpg,camry,toyota,2015
dataset/toyota camry 2023 exterior/72f77844d3.jpg,camry,toyota,2023
dataset/toyota camry 2023 exterior/982453b559.jpg,camry,toyota,2023
dataset/toyota camry 2023 exterior/56950e997f.jpg,camry,toyota,2023
dataset/toyota camry 2023 exterior/27b3ff7c34.jpg,camry,toyota,2023
dataset/toyota camry 2023 exterior/5806d1a30d.jpg,camry,toyota,2023
dataset/toyota camry 2023 exterior/8e93364b3d.jpg,camry,toyota,2023
dataset/toyota camry 2023 exterior/49cc0276d7.jpg,camry,toyota,2023
dataset/toyota camry 2023 exterior/989bc5092f.jpg,camry,toyota,2023
dataset/toyota camry 2023 exterior/0df0629ae9.jpg,camry,toyota,2023
dataset/toyota camry 2023 exterior/e997405268.jpg,camry,toyota,2023
dataset/toyota camry 2023 exterior/98161622c3.jpg,camry,toyota,2023
dataset/toyota camry 2023 exterior/cb25a41721.jpg,camry,toyota,2023
dataset/toyota camry 2023 exterior/838bf34f02.jpg,camry,toyota,2023
dataset/toyota camry 2023 exterior/2945a3c025.jpg,camry,toyota,2023
dataset/toyota camry 2023 exterior/6b69368a3c.jpg,camry,toyota,2023
dataset/toyota camry 2023 exterior/4449dd0d8e.jpg,camry,toyota,2023
dataset/BMW M3 Sedan 1995 exterior/6720aaa2c1.jpg,M3,BMW,Sedan
dataset/BMW M3 Sedan 1995 exterior/8f16517492.jpg,M3,BMW,Sedan
dataset/BMW M3 Sedan 1995 exterior/ce0081aea3.jpg,M3,BMW,Sedan
dataset/BMW M3 Sedan 1995 exterior/fa2b12e1c8.jpg,M3,BMW,Sedan
dataset/BMW M3 Sedan 1995 exterior/75937df475.jpg,M3,BMW,Sedan
dataset/BMW M3 Sedan 1995 exterior/828f0c6d98.jpg,M3,BMW,Sedan
dataset/BMW M3 Sedan 1995 exterior/1ccb1d7aee.jpg,M3,BMW,Sedan
dataset/BMW M3 Sedan 1995 exterior/178ad401ea.jpg,M3,BMW,Sedan
dataset/BMW M3 Sedan 1995 exterior/42583a7200.jpg,M3,BMW,Sedan
dataset/BMW M3 Sedan 1995 exterior/9302ede8b2.jpg,M3,BMW,Sedan
dataset/BMW M3 Sedan 1995 exterior/3b14e5fdd3.jpg,M3,BMW,Sedan
dataset/BMW M3 Sedan 1995 exterior/1ada8b6919.jpg,M3,BMW,Sedan
dataset/BMW M3 Sedan 1995 exterior/564cb8d046.jpg,M3,BMW,Sedan
dataset/BMW M3 Sedan 1995 exterior/d8efc3fb86.jpg,M3,BMW,Sedan
dataset/BMW M3 Sedan 1995 exterior/e849f3f2ec.jpg,M3,BMW,Sedan
dataset/BMW M3 Sedan 1995 exterior/7ae60af0b2.jpg,M3,BMW,Sedan
dataset/BMW M3 Sedan 1995 exterior/1a4de32f53.jpg,M3,BMW,Sedan
dataset/BMW M3 Sedan 1995 exterior/2d0a9aa547.jpg,M3,BMW,Sedan
dataset/BMW M3 Sedan 1995 exterior/3bce929d28.jpg,M3,BMW,Sedan
dataset/BMW M3 Sedan 1995 exterior/3e647d4f41.jpg,M3,BMW,Sedan
dataset/BMW M3 Sedan 2015 exterior/a2eb6da0c7.jpg,M3,BMW,Sedan
dataset/BMW M3 Sedan 2015 exterior/ea6ea48d1f.jpg,M3,BMW,Sedan
dataset/BMW M3 Sedan 2015 exterior/d99f50b19c.jpg,M3,BMW,Sedan
dataset/BMW M3 Sedan 2015 exterior/8ca3e7f288.jpg,M3,BMW,Sedan
dataset/BMW M3 Sedan 2015 exterior/2d4b1a4b3b.jpg,M3,BMW,Sedan
dataset/BMW M3 Sedan 2015 exterior/aa5753aa50.jpg,M3,BMW,Sedan
dataset/BMW M3 Sedan 2015 exterior/6b0de58592.jpg,M3,BMW,Sedan
dataset/BMW M3 Sedan 2015 exterior/72692604bf.jpg,M3,BMW,Sedan
dataset/BMW M3 Sedan 2015 exterior/0dab848696.jpg,M3,BMW,Sedan
dataset/BMW M3 Sedan 2015 exterior/9687cd7831.jpg,M3,BMW,Sedan
dataset/BMW M3 Sedan 2015 exterior/f46175643e.jpg,M3,BMW,Sedan
dataset/BMW M3 Sedan 2015 exterior/b75464ec47.jpg,M3,BMW,Sedan
dataset/BMW M3 Sedan 2015 exterior/933429aaab.jpg,M3,BMW,Sedan
dataset/BMW M3 Sedan 2015 exterior/b625bc40b5.jpg,M3,BMW,Sedan
dataset/BMW M3 Sedan 2015 exterior/fccaf3ba1a.jpg,M3,BMW,Sedan
dataset/BMW M3 Sedan 2015 exterior/a9e7bcb8fa.jpg,M3,BMW,Sedan
dataset/BMW M3 Sedan 2015 exterior/e3a2e563a5.jpg,M3,BMW,Sedan
dataset/BMW M3 Sedan 2015 exterior/e493872999.jpg,M3,BMW,Sedan
dataset/BMW M3 Sedan 2015 exterior/6359e50a64.jpg,M3,BMW,Sedan
dataset/BMW M3 Sedan 2015 exterior/ca18a31e88.jpg,M3,BMW,Sedan
dataset/BMW M3 Sedan 2023 exterior/932743cfd7.jpg,M3,BMW,Sedan
dataset/BMW M3 Sedan 2023 exterior/e2e59158c1.jpg,M3,BMW,Sedan
dataset/BMW M3 Sedan 2023 exterior/ccbb2fbde3.jpg,M3,BMW,Sedan
dataset/BMW M3 Sedan 2023 exterior/056b70ad4c.jpg,M3,BMW,Sedan
dataset/BMW M3 Sedan 2023 exterior/b09c54952e.jpg,M3,BMW,Sedan
dataset/BMW M3 Sedan 2023 exterior/523262c2ff.jpg,M3,BMW,Sedan
dataset/BMW M3 Sedan 2023 exterior/b1bbfb431a.jpg,M3,BMW,Sedan
dataset/BMW M3 Sedan 2023 exterior/5403c110cb.jpg,M3,BMW,Sedan
dataset/BMW M3 Sedan 2023 exterior/965517cdf8.jpg,M3,BMW,Sedan
dataset/BMW M3 Sedan 2023 exterior/3c91af0f3b.jpg,M3,BMW,Sedan
dataset/BMW M3 Sedan 2023 exterior/e5e50f8ffa.jpg,M3,BMW,Sedan
dataset/BMW M3 Sedan 2023 exterior/1242ac1e6a.jpg,M3,BMW,Sedan
dataset/BMW M3 Sedan 2023 exterior/cc78d79746.jpg,M3,BMW,Sedan
dataset/BMW M3 Sedan 2023 exterior/b8136beb52.jpg,M3,BMW,Sedan
dataset/BMW M3 Sedan 2023 exterior/c69c6777f1.jpg,M3,BMW,Sedan
dataset/BMW M3 Sedan 2023 exterior/cc9561128a.jpg,M3,BMW,Sedan
dataset/BMW M3 Sedan 2023 exterior/b4f855c4fd.jpg,M3,BMW,Sedan
dataset/Honda Civic 2005 exterior/2ae5e4088e.jpg,Civic,Honda,2005
dataset/Honda Civic 2005 exterior/0699bb7773.jpg,Civic,Honda,2005
dataset/Honda Civic 2005 exterior/848ea64a5b.jpg,Civic,Honda,2005
dataset/Honda Civic 2005 exterior/bf2ba00939.jpg,Civic,Honda,2005
dataset/Honda Civic 2005 exterior/dd94d00708.jpg,Civic,Honda,2005
dataset/Honda Civic 2005 exterior/7f7ef6975d.jpg,Civic,Honda,2005
dataset/Honda Civic 2005 exterior/dcd0626817.jpg,Civic,Honda,2005
dataset/Honda Civic 2005 exterior/46aca49b9e.jpg,Civic,Honda,2005
dataset/Honda Civic 2005 exterior/855245b3d5.jpg,Civic,Honda,2005
dataset/Honda Civic 2005 exterior/27248cf1d9.jpg,Civic,Honda,2005
dataset/Honda Civic 2005 exterior/20f7c87f4e.jpg,Civic,Honda,2005
dataset/Honda Civic 2005 exterior/7504d07311.jpg,Civic,Honda,2005
dataset/Honda Civic 2015 exterior/bc2c3ddbbf.jpg,Civic,Honda,2015
dataset/Honda Civic 2015 exterior/bf5a36d1c7.jpg,Civic,Honda,2015
dataset/Honda Civic 2015 exterior/c1bd74f1d1.jpg,Civic,Honda,2015
dataset/Honda Civic 2015 exterior/6fcace02e7.jpg,Civic,Honda,2015
dataset/Honda Civic 2015 exterior/062baf1eda.jpg,Civic,Honda,2015
dataset/Honda Civic 2015 exterior/36d650b7a8.jpg,Civic,Honda,2015
dataset/Honda Civic 2015 exterior/e579a0a5bf.jpg,Civic,Honda,2015
dataset/Honda Civic 2015 exterior/0d6d0a908b.jpg,Civic,Honda,2015
dataset/Honda Civic 2015 exterior/4b01590b0b.jpg,Civic,Honda,2015
dataset/Honda Civic 2015 exterior/7d1ae23d85.jpg,Civic,Honda,2015
dataset/Honda Civic 2015 exterior/0c1566e02d.jpg,Civic,Honda,2015
dataset/Honda Civic 2015 exterior/2dc7d072b1.jpg,Civic,Honda,2015
dataset/Honda Civic 2015 exterior/b42583966c.jpg,Civic,Honda,2015
dataset/Honda Civic 2015 exterior/5846c7d2fa.jpg,Civic,Honda,2015
dataset/Honda Civic 2015 exterior/e97bfbea6f.jpg,Civic,Honda,2015
dataset/Honda Civic 2015 exterior/9db657d094.jpg,Civic,Honda,2015
dataset/Honda Civic 2023 exterior/ab05a87385.jpg,Civic,Honda,2023
dataset/Honda Civic 2023 exterior/db2781b255.jpg,Civic,Honda,2023
dataset/Honda Civic 2023 exterior/9df8b3c8ba.jpg,Civic,Honda,2023
dataset/Honda Civic 2023 exterior/22119d907e.jpg,Civic,Honda,2023
dataset/Honda Civic 2023 exterior/de37eb530c.jpg,Civic,Honda,2023
dataset/Honda Civic 2023 exterior/e30885f287.jpg,Civic,Honda,2023
dataset/Honda Civic 2023 exterior/e8823647ba.jpg,Civic,Honda,2023
dataset/Honda Civic 2023 exterior/f7786dc60f.jpg,Civic,Honda,2023
dataset/Honda Civic 2023 exterior/e8aee3bc61.jpg,Civic,Honda,2023
dataset/Honda Civic 2023 exterior/eb0164213f.jpg,Civic,Honda,2023
dataset/Honda Civic 2023 exterior/16db6a1107.jpg,Civic,Honda,2023
dataset/Honda Civic 2023 exterior/6a49de3ee9.jpg,Civic,Honda,2023
dataset/Honda Civic 2023 exterior/01b825028b.jpg,Civic,Honda,2023
dataset/Honda Civic 2023 exterior/fc2a2581f1.jpg,Civic,Honda,2023
dataset/Honda Civic 2023 exterior/1e057c0c34.jpg,Civic,Honda,2023
dataset/Lexus LS 1995 exterior/55dabaee74.jpg,LS,Lexus,1995
dataset/Lexus LS 1995 exterior/aec315b7f6.jpg,LS,Lexus,1995
dataset/Lexus LS 1995 exterior/95a4bd9bf8.jpg,LS,Lexus,1995
dataset/Lexus LS 1995 exterior/1edba163ad.jpg,LS,Lexus,1995
dataset/Lexus LS 1995 exterior/8245c2992b.jpg,LS,Lexus,1995
dataset/Lexus LS 1995 exterior/b766758030.jpg,LS,Lexus,1995
dataset/Lexus LS 1995 exterior/bf8a79a47c.jpg,LS,Lexus,1995
dataset/Lexus LS 1995 exterior/995d6f22e1.jpg,LS,Lexus,1995
dataset/Lexus LS 1995 exterior/2a67f18799.jpg,LS,Lexus,1995
dataset/Lexus LS 1995 exterior/fc97b09aa1.jpg,LS,Lexus,1995
dataset/Lexus LS 1995 exterior/c9622d2389.jpg,LS,Lexus,1995
dataset/Lexus LS 1995 exterior/070e0cb7c7.jpg,LS,Lexus,1995
dataset/Lexus LS 1995 exterior/6e3b975292.jpg,LS,Lexus,1995
dataset/Lexus LS 1995 exterior/4bfe2fa8ad.jpg,LS,Lexus,1995
dataset/Lexus LS 1995 exterior/e4390d2cbd.jpg,LS,Lexus,1995
dataset/Lexus LS 1995 exterior/01b8cf5aaa.jpg,LS,Lexus,1995
dataset/Lexus LS 1995 exterior/02409afa09.jpg,LS,Lexus,1995
dataset/Lexus LS 1995 exterior/4ed576214f.jpg,LS,Lexus,1995
dataset/Lexus LS 2015 exterior/21cc678ddf.jpg,LS,Lexus,2015
dataset/Lexus LS 2015 exterior/0e0a49b629.jpg,LS,Lexus,2015
dataset/Lexus LS 2015 exterior/3c76304979.jpg,LS,Lexus,2015
dataset/Lexus LS 2015 exterior/83b70751c4.jpg,LS,Lexus,2015
dataset/Lexus LS 2015 exterior/357de467ac.jpg,LS,Lexus,2015
dataset/Lexus LS 2015 exterior/6001c86a6f.jpg,LS,Lexus,2015
dataset/Lexus LS 2015 exterior/1d4d3afa39.jpg,LS,Lexus,2015
dataset/Lexus LS 2015 exterior/3c74253d9d.jpg,LS,Lexus,2015
dataset/Lexus LS 2015 exterior/57a49e07f3.jpg,LS,Lexus,2015
dataset/Lexus LS 2015 exterior/64ebd6262b.jpg,LS,Lexus,2015
dataset/Lexus LS 2015 exterior/7eff36859e.jpg,LS,Lexus,2015
dataset/Lexus LS 2015 exterior/17c7ef4f1d.jpg,LS,Lexus,2015
dataset/Lexus LS 2015 exterior/36d3d409d5.jpg,LS,Lexus,2015
dataset/Lexus LS 2015 exterior/55d2efa020.jpg,LS,Lexus,2015
dataset/Lexus LS 2015 exterior/32517e5bb7.jpg,LS,Lexus,2015
dataset/Lexus LS 2015 exterior/dc12a48537.jpg,LS,Lexus,2015
dataset/Lexus LS 2015 exterior/6271cdc955.jpg,LS,Lexus,2015
dataset/Lexus LS 2015 exterior/720e764759.jpg,LS,Lexus,2015
dataset/Lexus LS 2023 exterior/0ed4a754fb.jpg,LS,Lexus,2023
dataset/Lexus LS 2023 exterior/1e2b4c364e.jpg,LS,Lexus,2023
dataset/Lexus LS 2023 exterior/f19f6690c7.jpg,LS,Lexus,2023
dataset/Lexus LS 2023 exterior/86304a80c2.jpg,LS,Lexus,2023
dataset/Lexus LS 2023 exterior/21769d540d.jpg,LS,Lexus,2023
dataset/Lexus LS 2023 exterior/3b04363a4f.jpg,LS,Lexus,2023
dataset/Lexus LS 2023 exterior/a085d8b94b.jpg,LS,Lexus,2023
dataset/Lexus LS 2023 exterior/56e83d9b1c.jpg,LS,Lexus,2023
dataset/Lexus LS 2023 exterior/6610030397.jpg,LS,Lexus,2023
dataset/Lexus LS 2023 exterior/3f03d7a9d6.jpg,LS,Lexus,2023
dataset/Lexus LS 2023 exterior/7ec4bee65a.jpg,LS,Lexus,2023
dataset/Lexus LS 2023 exterior/e6b3b9c603.jpg,LS,Lexus,2023
dataset/Lexus LS 2023 exterior/a8784100c8.jpg,LS,Lexus,2023
dataset/Lexus LS 2023 exterior/311bb7f0f3.jpg,LS,Lexus,2023
dataset/Lexus LS 2023 exterior/6b98eb7204.jpg,LS,Lexus,2023
dataset/Lexus LS 2023 exterior/07aee84a00.jpg,LS,Lexus,2023
dataset/Lexus LS 2023 exterior/eedc6596e9.jpg,LS,Lexus,2023
dataset/Lexus LS 2023 exterior/8078de74e7.jpg,LS,Lexus,2023
dataset/Lexus LS 2023 exterior/5f20de67aa.jpg,LS,Lexus,2023
dataset/Lexus LS 2023 exterior/df60af8652.jpg,LS,Lexus,2023
dataset/Lexus LS 2023 exterior/1abfa585ae.jpg,LS,Lexus,2023
dataset/Hyundai Elantra 1995 exterior/86b3e92ed3.jpg,Elantra,Hyundai,1995
dataset/Hyundai Elantra 1995 exterior/d9dbb3f106.jpg,Elantra,Hyundai,1995
dataset/Hyundai Elantra 1995 exterior/d88f00e170.jpg,Elantra,Hyundai,1995
dataset/Hyundai Elantra 1995 exterior/296d5c26f8.jpg,Elantra,Hyundai,1995
dataset/Hyundai Elantra 1995 exterior/d238fef615.jpg,Elantra,Hyundai,1995
dataset/Hyundai Elantra 1995 exterior/c2b08d884f.jpg,Elantra,Hyundai,1995
dataset/Hyundai Elantra 1995 exterior/9615639378.jpg,Elantra,Hyundai,1995
dataset/Hyundai Elantra 1995 exterior/4ad324c9a0.jpg,Elantra,Hyundai,1995
dataset/Hyundai Elantra 1995 exterior/da673e3b64.jpg,Elantra,Hyundai,1995
dataset/Hyundai Elantra 1995 exterior/c3dba53ae0.jpg,Elantra,Hyundai,1995
dataset/Hyundai Elantra 1995 exterior/e82674928d.jpg,Elantra,Hyundai,1995
dataset/Hyundai Elantra 2005 exterior/306aef08b3.jpg,Elantra,Hyundai,2005
dataset/Hyundai Elantra 2005 exterior/e2b67889e2.jpg,Elantra,Hyundai,2005
dataset/Hyundai Elantra 2005 exterior/7d914c2ff0.jpg,Elantra,Hyundai,2005
dataset/Hyundai Elantra 2005 exterior/2288614cb1.jpg,Elantra,Hyundai,2005
dataset/Hyundai Elantra 2005 exterior/ccc8ea86d0.jpg,Elantra,Hyundai,2005
dataset/Hyundai Elantra 2005 exterior/cbcebb4e30.jpg,Elantra,Hyundai,2005
dataset/Hyundai Elantra 2005 exterior/8a5e7e1cd8.jpg,Elantra,Hyundai,2005
dataset/Hyundai Elantra 2005 exterior/c6c223ce32.jpg,Elantra,Hyundai,2005
dataset/Hyundai Elantra 2005 exterior/6c9c8f0a97.jpg,Elantra,Hyundai,2005
dataset/Hyundai Elantra 2005 exterior/39946da8ca.jpg,Elantra,Hyundai,2005
dataset/Hyundai Elantra 2005 exterior/d181bd74f0.jpg,Elantra,Hyundai,2005
dataset/Hyundai Elantra 2005 exterior/b6f496b6a6.jpg,Elantra,Hyundai,2005
dataset/Hyundai Elantra 2005 exterior/96dc13fe0f.jpg,Elantra,Hyundai,2005
dataset/Hyundai Elantra 2005 exterior/1cec05c3ca.jpg,Elantra,Hyundai,2005
dataset/Hyundai Elantra 2023 exterior/09ea8645f7.jpg,Elantra,Hyundai,2023
dataset/Hyundai Elantra 2023 exterior/d888c432c0.jpg,Elantra,Hyundai,2023
dataset/Hyundai Elantra 2023 exterior/3946aa7fc7.jpg,Elantra,Hyundai,2023
dataset/Hyundai Elantra 2023 exterior/5201201484.jpg,Elantra,Hyundai,2023
dataset/Hyundai Elantra 2023 exterior/361f518eef.jpg,Elantra,Hyundai,2023
dataset/Hyundai Elantra 2023 exterior/1288e9a55d.jpg,Elantra,Hyundai,2023
dataset/Hyundai Elantra 2023 exterior/5555befe55.jpg,Elantra,Hyundai,2023
dataset/Hyundai Elantra 2023 exterior/863716837a.jpg,Elantra,Hyundai,2023
dataset/Hyundai Elantra 2023 exterior/6703278023.jpg,Elantra,Hyundai,2023
dataset/Hyundai Elantra 2023 exterior/5aa0b0ab74.jpg,Elantra,Hyundai,2023
dataset/Hyundai Elantra 2023 exterior/f92ef507ae.jpg,Elantra,Hyundai,2023
dataset/Hyundai Elantra 2023 exterior/0dd369bb7f.jpg,Elantra,Hyundai,2023
dataset/Hyundai Elantra 2023 exterior/7d18adf555.jpg,Elantra,Hyundai,2023
dataset/Hyundai Elantra 2023 exterior/8802390f2f.jpg,Elantra,Hyundai,2023
dataset/Hyundai Elantra 2023 exterior/7428dd81f9.jpg,Elantra,Hyundai,2023
dataset/Hyundai Elantra 2023 exterior/353db74c19.jpg,Elantra,Hyundai,2023
dataset/Volkswagon Passat 1985 exterior/4188d06b44.jpg,Passat,Volkswagon,1985
dataset/Volkswagon Passat 2023 exterior/ca05622705.jpg,Passat,Volkswagon,2023
dataset/Volkswagon Passat 1985 exterior/7552e5f018.jpg,Passat,Volkswagon,1985
dataset/Volkswagon Passat 2015 exterior/05dd9ae07e.jpg,Passat,Volkswagon,2015
dataset/Volkswagon Passat 1985 exterior/5c74d4921f.jpg,Passat,Volkswagon,1985
dataset/Volkswagon Passat 1985 exterior/c1f5aabf59.jpg,Passat,Volkswagon,1985
dataset/Volkswagon Passat 1985 exterior/6de108011d.jpg,Passat,Volkswagon,1985
dataset/Volkswagon Passat 1985 exterior/d0c2b44bd8.jpg,Passat,Volkswagon,1985
dataset/Volkswagon Passat 1985 exterior/9070018c60.jpg,Passat,Volkswagon,1985
dataset/Volkswagon Passat 1985 exterior/bea96a8956.jpg,Passat,Volkswagon,1985
dataset/Volkswagon Passat 1985 exterior/29829f35b8.jpg,Passat,Volkswagon,1985
dataset/Volkswagon Passat 1985 exterior/9a94416aec.jpg,Passat,Volkswagon,1985
dataset/Volkswagon Passat 1985 exterior/756fdad250.jpg,Passat,Volkswagon,1985
dataset/Volkswagon Passat 1985 exterior/dcac22b025.jpg,Passat,Volkswagon,1985
dataset/Volkswagon Passat 2015 exterior/db95c294bd.jpg,Passat,Volkswagon,2015
dataset/Volkswagon Passat 2015 exterior/2b481ce54e.jpg,Passat,Volkswagon,2015
dataset/Volkswagon Passat 2015 exterior/2503fc5074.jpg,Passat,Volkswagon,2015
dataset/Volkswagon Passat 2015 exterior/d9b131f995.jpg,Passat,Volkswagon,2015
dataset/Volkswagon Passat 2015 exterior/d3ef731b70.jpg,Passat,Volkswagon,2015
dataset/Volkswagon Passat 2015 exterior/7eadb20308.jpg,Passat,Volkswagon,2015
dataset/Volkswagon Passat 2015 exterior/a4aa3038a6.jpg,Passat,Volkswagon,2015
dataset/Volkswagon Passat 2015 exterior/f8290683d1.jpg,Passat,Volkswagon,2015
dataset/Volkswagon Passat 2015 exterior/db492bd21d.jpg,Passat,Volkswagon,2015
dataset/Volkswagon Passat 2015 exterior/615bb0baf7.jpg,Passat,Volkswagon,2015
dataset/Volkswagon Passat 2015 exterior/aa0c1b48d1.jpg,Passat,Volkswagon,2015
dataset/Volkswagon Passat 2015 exterior/b7f3944c86.jpg,Passat,Volkswagon,2015
dataset/Volkswagon Passat 2015 exterior/753e0584ec.jpg,Passat,Volkswagon,2015
dataset/Volkswagon Passat 2015 exterior/aa27ee64ec.jpg,Passat,Volkswagon,2015
dataset/Volkswagon Passat 2015 exterior/c0be32e808.jpg,Passat,Volkswagon,2015
dataset/Volkswagon Passat 2015 exterior/115e4928f7.jpg,Passat,Volkswagon,2015
dataset/Volkswagon Passat 2015 exterior/b13c4a2360.jpg,Passat,Volkswagon,2015
dataset/Volkswagon Passat 2015 exterior/2335df3a61.jpg,Passat,Volkswagon,2015
dataset/Volkswagon Passat 2015 exterior/7616832262.jpg,Passat,Volkswagon,2015
dataset/Volkswagon Passat 2015 exterior/50e103209c.jpg,Passat,Volkswagon,2015
dataset/Volkswagon Passat 2023 exterior/3935306c21.jpg,Passat,Volkswagon,2023
dataset/Volkswagon Passat 2023 exterior/8ceca2683b.jpg,Passat,Volkswagon,2023
dataset/Volkswagon Passat 2023 exterior/16b1fa6701.jpg,Passat,Volkswagon,2023
dataset/Volkswagon Passat 2023 exterior/370df380e4.jpg,Passat,Volkswagon,2023
dataset/Volkswagon Passat 2023 exterior/23d5a081ae.jpg,Passat,Volkswagon,2023
dataset/Volkswagon Passat 2023 exterior/42341ac616.jpg,Passat,Volkswagon,2023
dataset/Volkswagon Passat 2023 exterior/930531df60.jpg,Passat,Volkswagon,2023
dataset/Volkswagon Passat 2023 exterior/cf4163bc64.jpg,Passat,Volkswagon,2023
dataset/Volkswagon Passat 2023 exterior/0c2de1feec.jpg,Passat,Volkswagon,2023
dataset/Volkswagon Passat 2023 exterior/78c2fd3ac5.jpg,Passat,Volkswagon,2023
dataset/Volkswagon Passat 2023 exterior/8102325cd7.jpg,Passat,Volkswagon,2023
dataset/Volkswagon Passat 2023 exterior/5858071125.jpg,Passat,Volkswagon,2023
dataset/Volkswagon Passat 2023 exterior/e484e4a7b3.jpg,Passat,Volkswagon,2023
dataset/Volkswagon Passat 2023 exterior/54ec51a463.jpg,Passat,Volkswagon,2023
dataset/Volkswagon Passat 2023 exterior/a6fd8ff4a5.jpg,Passat,Volkswagon,2023
dataset/Volkswagon Passat 2023 exterior/5be23696fd.jpg,Passat,Volkswagon,2023
dataset/Volkswagon Passat 2023 exterior/4ac7215f84.jpg,Passat,Volkswagon,2023
dataset/Volkswagon Passat 2023 exterior/65c6cf0f25.jpg,Passat,Volkswagon,2023
dataset/Honda Accord 1985 exterior/0558333697.jpg,Accord,Honda,1985
dataset/Honda Accord 1985 exterior/0a6b30bd31.jpg,Accord,Honda,1985
dataset/Honda Accord 1985 exterior/701015d153.jpg,Accord,Honda,1985
dataset/Honda Accord 1985 exterior/afbb80dc5e.jpg,Accord,Honda,1985
dataset/Honda Accord 1985 exterior/f388746e3b.jpg,Accord,Honda,1985
dataset/Honda Accord 1985 exterior/3f09aa1f3d.jpg,Accord,Honda,1985
dataset/Honda Accord 1985 exterior/7e5a0b2fb1.jpg,Accord,Honda,1985
dataset/Honda Accord 1985 exterior/53d9798df9.jpg,Accord,Honda,1985
dataset/Honda Accord 1985 exterior/efed7749e2.jpg,Accord,Honda,1985
dataset/Honda Accord 1985 exterior/2047cceb98.jpg,Accord,Honda,1985
dataset/Honda Accord 1985 exterior/8ee3dbb921.jpg,Accord,Honda,1985
dataset/Honda Accord 1985 exterior/0e793645d5.jpg,Accord,Honda,1985
dataset/Honda Accord 1985 exterior/e8088f7b76.jpg,Accord,Honda,1985
dataset/Honda Accord 1985 exterior/7f83187fa0.jpg,Accord,Honda,1985
dataset/Honda Accord 1985 exterior/7aa854bf59.jpg,Accord,Honda,1985
dataset/Honda Accord 1985 exterior/550414da75.jpg,Accord,Honda,1985
dataset/Honda Accord 1985 exterior/814826e672.jpg,Accord,Honda,1985
dataset/Honda Accord 1985 exterior/e079cb5425.jpg,Accord,Honda,1985
dataset/Honda Accord 1995 exterior/2036bfdaf0.jpg,Accord,Honda,1995
dataset/Honda Accord 1995 exterior/309501b5b8.jpg,Accord,Honda,1995
dataset/Honda Accord 1995 exterior/a2d0084d21.jpg,Accord,Honda,1995
dataset/Honda Accord 1995 exterior/105bbadc0f.jpg,Accord,Honda,1995
dataset/Honda Accord 1995 exterior/aad57551a0.jpg,Accord,Honda,1995
dataset/Honda Accord 1995 exterior/60867cb8f6.jpg,Accord,Honda,1995
dataset/Honda Accord 1995 exterior/92f9dc4c6f.jpg,Accord,Honda,1995
dataset/Honda Accord 1995 exterior/e0e73b7301.jpg,Accord,Honda,1995
dataset/Honda Accord 1995 exterior/3136480a03.jpg,Accord,Honda,1995
dataset/Honda Accord 1995 exterior/2162f11ccf.jpg,Accord,Honda,1995
dataset/Honda Accord 1995 exterior/6faaaea2ab.jpg,Accord,Honda,1995
dataset/Honda Accord 1995 exterior/364fab74dc.jpg,Accord,Honda,1995
dataset/Honda Accord 1995 exterior/c56ffc7751.jpg,Accord,Honda,1995
dataset/Honda Accord 1995 exterior/35890a79e2.jpg,Accord,Honda,1995
dataset/Honda Accord 1995 exterior/122d0cd250.jpg,Accord,Honda,1995
dataset/Honda Accord 1995 exterior/8c8f4cec5a.jpg,Accord,Honda,1995
dataset/Honda Accord 1995 exterior/6d5df778b9.jpg,Accord,Honda,1995
dataset/Honda Accord 1995 exterior/3a7098efd4.jpg,Accord,Honda,1995
dataset/Honda Accord 1995 exterior/4accf17e8d.jpg,Accord,Honda,1995
dataset/Honda Accord 1995 exterior/c9a8ae7c43.jpg,Accord,Honda,1995
dataset/Honda Accord 2005 exterior/9a865ec03f.jpg,Accord,Honda,2005
dataset/Honda Accord 2005 exterior/60478d2345.jpg,Accord,Honda,2005
dataset/Honda Accord 2005 exterior/4bddfce107.jpg,Accord,Honda,2005
dataset/Honda Accord 2005 exterior/f49a924acf.jpg,Accord,Honda,2005
dataset/Honda Accord 2005 exterior/f4bb46b422.jpg,Accord,Honda,2005
dataset/Honda Accord 2005 exterior/e97ecfd33c.jpg,Accord,Honda,2005
dataset/Honda Accord 2005 exterior/d548deda95.jpg,Accord,Honda,2005
dataset/Honda Accord 2005 exterior/3411bee2c6.jpg,Accord,Honda,2005
dataset/Honda Accord 2005 exterior/602438eeb1.jpg,Accord,Honda,2005
dataset/Honda Accord 2005 exterior/a49b9903ea.jpg,Accord,Honda,2005
dataset/Honda Accord 2005 exterior/fa6ba67d7c.jpg,Accord,Honda,2005
dataset/Honda Accord 2005 exterior/75739235ba.jpg,Accord,Honda,2005
dataset/Honda Accord 2005 exterior/61d658650d.jpg,Accord,Honda,2005
dataset/Honda Accord 2005 exterior/2024dc640a.jpg,Accord,Honda,2005
dataset/Honda Accord 2005 exterior/4a2346195f.jpg,Accord,Honda,2005
dataset/Honda Accord 2005 exterior/a391039b7a.jpg,Accord,Honda,2005
dataset/Honda Accord 2015 exterior/6c95444a08.jpg,Accord,Honda,2015
dataset/Honda Accord 2015 exterior/4cde92c9b6.jpg,Accord,Honda,2015
dataset/Honda Accord 2015 exterior/457b82f261.jpg,Accord,Honda,2015
dataset/Honda Accord 2015 exterior/040ee1f09b.jpg,Accord,Honda,2015
dataset/Honda Accord 2015 exterior/e5d336d8d8.jpg,Accord,Honda,2015
dataset/Honda Accord 2015 exterior/80a472502f.jpg,Accord,Honda,2015
dataset/Honda Accord 2015 exterior/e8bff0a966.jpg,Accord,Honda,2015
dataset/Honda Accord 2015 exterior/49e1dca3db.jpg,Accord,Honda,2015
dataset/Honda Accord 2015 exterior/9d074ad5fb.jpg,Accord,Honda,2015
dataset/Honda Accord 2015 exterior/18db134f2b.jpg,Accord,Honda,2015
dataset/Honda Accord 2015 exterior/54287907c6.jpg,Accord,Honda,2015
dataset/Honda Accord 2015 exterior/a9d83923e3.jpg,Accord,Honda,2015
dataset/Honda Accord 2015 exterior/9454d67a6c.jpg,Accord,Honda,2015
dataset/Honda Accord 2015 exterior/7f5cfa434e.jpg,Accord,Honda,2015
dataset/Honda Accord 2015 exterior/833c780122.jpg,Accord,Honda,2015
dataset/Honda Accord 2015 exterior/e28ec3b75a.jpg,Accord,Honda,2015
dataset/Honda Accord 2015 exterior/5cca5f417f.jpg,Accord,Honda,2015
dataset/Honda Accord 2023 exterior/7473f3b9cf.jpg,Accord,Honda,2023
dataset/Honda Accord 2023 exterior/f145e4d6cb.jpg,Accord,Honda,2023
dataset/Honda Accord 2023 exterior/f30b637655.jpg,Accord,Honda,2023
dataset/Honda Accord 2023 exterior/b442b175d2.jpg,Accord,Honda,2023
dataset/Honda Accord 2023 exterior/0fe4a7643a.jpg,Accord,Honda,2023
dataset/Honda Accord 2023 exterior/6c97bf61ce.jpg,Accord,Honda,2023
dataset/Honda Accord 2023 exterior/aea34aaa20.jpg,Accord,Honda,2023
dataset/Honda Accord 2023 exterior/08ca767849.jpg,Accord,Honda,2023
dataset/Honda Accord 2023 exterior/e66d117937.jpg,Accord,Honda,2023
dataset/Honda Accord 2023 exterior/9d8c521bd8.jpg,Accord,Honda,2023
dataset/Honda Accord 2023 exterior/457f6ace7f.jpg,Accord,Honda,2023
dataset/Honda Accord 2023 exterior/3b1bfd8172.jpg,Accord,Honda,2023
dataset/Honda Accord 2023 exterior/e648a42951.jpg,Accord,Honda,2023
dataset/Honda Accord 2023 exterior/9e6e4cff13.jpg,Accord,Honda,2023
dataset/Honda Accord 2023 exterior/31d3eec764.jpg,Accord,Honda,2023
dataset/Honda Accord 2023 exterior/b04dc87350.jpg,Accord,Honda,2023
dataset/Honda Accord 2023 exterior/b33abcf515.jpg,Accord,Honda,2023
dataset/Honda Accord 2023 exterior/2c94a5ea69.jpg,Accord,Honda,2023
dataset/Honda Accord 2023 exterior/f415c9f2c0.jpg,Accord,Honda,2023
dataset/Mitsubishi Lancer 1988 exterior/a219982c73.jpg,Lancer,Mitsubishi,1988
dataset/Mitsubishi Lancer 1988 exterior/ca0068d32c.jpg,Lancer,Mitsubishi,1988
dataset/Mitsubishi Lancer 1988 exterior/d695e87d99.jpg,Lancer,Mitsubishi,1988
dataset/Mitsubishi Lancer 1988 exterior/dc2d22795b.jpg,Lancer,Mitsubishi,1988
dataset/Mitsubishi Lancer 1988 exterior/1de177d967.jpg,Lancer,Mitsubishi,1988
dataset/Mitsubishi Lancer 1988 exterior/e1ebcd0e70.jpg,Lancer,Mitsubishi,1988
dataset/Mitsubishi Lancer 1988 exterior/a227ced6ea.jpg,Lancer,Mitsubishi,1988
dataset/Mitsubishi Lancer 1988 exterior/6bbd066a6d.jpg,Lancer,Mitsubishi,1988
dataset/Mitsubishi Lancer 1988 exterior/b3b6400498.jpg,Lancer,Mitsubishi,1988
dataset/Mitsubishi Lancer 1988 exterior/5baa2acae4.jpg,Lancer,Mitsubishi,1988
dataset/Mitsubishi Lancer 1988 exterior/75ba2e68ee.jpg,Lancer,Mitsubishi,1988
dataset/Mitsubishi Lancer 1988 exterior/8091bb3514.jpg,Lancer,Mitsubishi,1988
dataset/Mitsubishi Lancer 1988 exterior/5cedae2078.jpg,Lancer,Mitsubishi,1988
dataset/Mitsubishi Lancer 1988 exterior/51335571c9.jpg,Lancer,Mitsubishi,1988
dataset/Mitsubishi Lancer 1988 exterior/7229329cb3.jpg,Lancer,Mitsubishi,1988
dataset/Mitsubishi Lancer 1988 exterior/6f6943fe5f.jpg,Lancer,Mitsubishi,1988
dataset/Mitsubishi Lancer 2005 exterior/b8bcb2cdf1.jpg,Lancer,Mitsubishi,2005
dataset/Mitsubishi Lancer 2005 exterior/069516398c.jpg,Lancer,Mitsubishi,2005
dataset/Mitsubishi Lancer 2005 exterior/1e2b57503a.jpg,Lancer,Mitsubishi,2005
dataset/Mitsubishi Lancer 2005 exterior/383493f924.jpg,Lancer,Mitsubishi,2005
dataset/Mitsubishi Lancer 2005 exterior/bf961a39da.jpg,Lancer,Mitsubishi,2005
dataset/Mitsubishi Lancer 2005 exterior/881e8521dd.jpg,Lancer,Mitsubishi,2005
dataset/Mitsubishi Lancer 2005 exterior/ff7907d192.jpg,Lancer,Mitsubishi,2005
dataset/Mitsubishi Lancer 2005 exterior/8bb664d91d.jpg,Lancer,Mitsubishi,2005
dataset/Mitsubishi Lancer 2005 exterior/bfc5a87c21.jpg,Lancer,Mitsubishi,2005
dataset/Mitsubishi Lancer 2005 exterior/642b6fb4a8.jpg,Lancer,Mitsubishi,2005
dataset/Mitsubishi Lancer 2005 exterior/3ecec34977.jpg,Lancer,Mitsubishi,2005
dataset/Mitsubishi Lancer 2005 exterior/d013f259ec.jpg,Lancer,Mitsubishi,2005
dataset/Mitsubishi Lancer 2005 exterior/e63ebe5245.jpg,Lancer,Mitsubishi,2005
dataset/Mitsubishi Lancer 2005 exterior/b1a26b1194.jpg,Lancer,Mitsubishi,2005
dataset/Mitsubishi Lancer 2005 exterior/0d61cfdca1.jpg,Lancer,Mitsubishi,2005
dataset/Mitsubishi Lancer 2023 exterior/30fa007f4a.jpg,Lancer,Mitsubishi,2023
dataset/Mitsubishi Lancer 2023 exterior/8e34c008a1.jpg,Lancer,Mitsubishi,2023
dataset/Mitsubishi Lancer 2023 exterior/4848861862.jpg,Lancer,Mitsubishi,2023
dataset/Mitsubishi Lancer 2023 exterior/a8ca140015.jpg,Lancer,Mitsubishi,2023
dataset/Mitsubishi Lancer 2023 exterior/f6850a0a71.jpg,Lancer,Mitsubishi,2023
dataset/Mitsubishi Lancer 2023 exterior/4287d2cc11.jpg,Lancer,Mitsubishi,2023
dataset/Mitsubishi Lancer 2023 exterior/9499f8b275.jpg,Lancer,Mitsubishi,2023
dataset/Mitsubishi Lancer 2023 exterior/8b14db08aa.jpg,Lancer,Mitsubishi,2023
dataset/Mitsubishi Lancer 2023 exterior/09d79c3c2b.jpg,Lancer,Mitsubishi,2023
dataset/Mitsubishi Lancer 2023 exterior/475fede41f.jpg,Lancer,Mitsubishi,2023
dataset/Mitsubishi Lancer 2023 exterior/41d114e128.jpg,Lancer,Mitsubishi,2023
dataset/Mitsubishi Lancer 2023 exterior/8c6c0cdef6.jpg,Lancer,Mitsubishi,2023
dataset/Mitsubishi Lancer 2023 exterior/7d2de96c6b.jpg,Lancer,Mitsubishi,2023
dataset/Toyota Corolla 1985 exterior sedan/8696ebc4a0.jpg,Corolla,Toyota,1985
dataset/Toyota Corolla 1985 exterior sedan/a7a11dbbdd.jpg,Corolla,Toyota,1985
dataset/Toyota Corolla 1985 exterior sedan/a27d52d108.jpg,Corolla,Toyota,1985
dataset/Toyota Corolla 1985 exterior sedan/ea3ea3cb54.jpg,Corolla,Toyota,1985
dataset/Toyota Corolla 1985 exterior sedan/1824eb4130.jpg,Corolla,Toyota,1985
dataset/Toyota Corolla 1985 exterior sedan/539df906fa.jpg,Corolla,Toyota,1985
dataset/Toyota Corolla 1985 exterior sedan/f3b58de695.jpg,Corolla,Toyota,1985
dataset/Toyota Corolla 1985 exterior sedan/63a3ff104e.jpg,Corolla,Toyota,1985
dataset/Toyota Corolla 1985 exterior sedan/e42029b446.jpg,Corolla,Toyota,1985
dataset/Toyota Corolla 1985 exterior sedan/fa53d99513.jpg,Corolla,Toyota,1985
dataset/Toyota Corolla 1985 exterior sedan/db9342ed4c.jpg,Corolla,Toyota,1985
dataset/Toyota Corolla 1985 exterior sedan/bfe590eb0b.jpg,Corolla,Toyota,1985
dataset/Toyota Corolla 1985 exterior sedan/49d008bbaa.jpg,Corolla,Toyota,1985
dataset/Toyota Corolla 1985 exterior sedan/8640ab4d21.jpg,Corolla,Toyota,1985
dataset/Toyota Corolla 1985 exterior sedan/23f6e6b4a1.jpg,Corolla,Toyota,1985
dataset/Toyota Corolla 1985 exterior sedan/e4083213e8.jpg,Corolla,Toyota,1985
dataset/Toyota Corolla 1985 exterior sedan/3b6bdbc6e0.jpg,Corolla,Toyota,1985
dataset/Toyota Corolla 1985 exterior sedan/61d36b89e1.jpg,Corolla,Toyota,1985
dataset/Toyota Corolla 2015 exterior sedan/1e6a93f918.jpg,Corolla,Toyota,2015
dataset/Toyota Corolla 2015 exterior sedan/1cb07363fb.jpg,Corolla,Toyota,2015
dataset/Toyota Corolla 2015 exterior sedan/082b739e33.jpg,Corolla,Toyota,2015
dataset/Toyota Corolla 2015 exterior sedan/97b880a6b8.jpg,Corolla,Toyota,2015
dataset/Toyota Corolla 2015 exterior sedan/b398db5138.jpg,Corolla,Toyota,2015
dataset/Toyota Corolla 2015 exterior sedan/4de5774b85.jpg,Corolla,Toyota,2015
dataset/Toyota Corolla 2015 exterior sedan/f87fd4d356.jpg,Corolla,Toyota,2015
dataset/Toyota Corolla 2015 exterior sedan/2fe76cb2d5.jpg,Corolla,Toyota,2015
dataset/Toyota Corolla 2015 exterior sedan/441809057a.jpg,Corolla,Toyota,2015
dataset/Toyota Corolla 2015 exterior sedan/c34983e0ef.jpg,Corolla,Toyota,2015
dataset/Toyota Corolla 2015 exterior sedan/6174629566.jpg,Corolla,Toyota,2015
dataset/Toyota Corolla 2015 exterior sedan/227473150f.jpg,Corolla,Toyota,2015
dataset/Toyota Corolla 2015 exterior sedan/c2c9f91fb5.jpg,Corolla,Toyota,2015
dataset/Toyota Corolla 2023 exterior sedan/e529146eef.jpg,Corolla,Toyota,2023
dataset/Toyota Corolla 2023 exterior sedan/a64169b9cb.jpg,Corolla,Toyota,2023
dataset/Toyota Corolla 2023 exterior sedan/7ff873bf12.jpg,Corolla,Toyota,2023
dataset/Toyota Corolla 2023 exterior sedan/c718f49b0b.jpg,Corolla,Toyota,2023
dataset/Toyota Corolla 2023 exterior sedan/f7f26b4f69.jpg,Corolla,Toyota,2023
dataset/Toyota Corolla 2023 exterior sedan/2c5bef144c.jpg,Corolla,Toyota,2023
dataset/Toyota Corolla 2023 exterior sedan/02628d94b4.jpg,Corolla,Toyota,2023
dataset/Toyota Corolla 2023 exterior sedan/57cf146f21.jpg,Corolla,Toyota,2023
dataset/Toyota Corolla 2023 exterior sedan/d05d5325de.jpg,Corolla,Toyota,2023
dataset/Toyota Corolla 2023 exterior sedan/ed6205d0f4.jpg,Corolla,Toyota,2023
dataset/Toyota Corolla 2023 exterior sedan/af32646fe0.jpg,Corolla,Toyota,2023
dataset/Toyota Corolla 2023 exterior sedan/a4f5f564a5.jpg,Corolla,Toyota,2023
dataset/Toyota Corolla 2023 exterior sedan/77afffc93b.jpg,Corolla,Toyota,2023
dataset/Toyota Corolla 2023 exterior sedan/8e4af5634d.jpg,Corolla,Toyota,2023
dataset/Chevrolet Impala 1985 exterior/d76a5dffc6.jpg,Impala,Chevrolet,1985
dataset/Chevrolet Impala 1985 exterior/9c6b40bc7b.jpg,Impala,Chevrolet,1985
dataset/Chevrolet Impala 1985 exterior/efa78ad185.jpg,Impala,Chevrolet,1985
dataset/Chevrolet Impala 1985 exterior/d9fa896d07.jpg,Impala,Chevrolet,1985
dataset/Chevrolet Impala 1985 exterior/798965bf9e.jpg,Impala,Chevrolet,1985
dataset/Chevrolet Impala 1985 exterior/1631d6edd2.jpg,Impala,Chevrolet,1985
dataset/Chevrolet Impala 1985 exterior/bcbe541571.jpg,Impala,Chevrolet,1985
dataset/Chevrolet Impala 1985 exterior/142c0ddda0.jpg,Impala,Chevrolet,1985
dataset/Chevrolet Impala 1985 exterior/3c1824ed3b.jpg,Impala,Chevrolet,1985
dataset/Chevrolet Impala 1985 exterior/d316c9d278.jpg,Impala,Chevrolet,1985
dataset/Chevrolet Impala 1985 exterior/879f74c8b9.jpg,Impala,Chevrolet,1985
dataset/Chevrolet Impala 1985 exterior/fdea858896.jpg,Impala,Chevrolet,1985
dataset/Chevrolet Impala 1985 exterior/963d8096ce.jpg,Impala,Chevrolet,1985
dataset/Chevrolet Impala 1985 exterior/a8795b740e.jpg,Impala,Chevrolet,1985
dataset/Chevrolet Impala 1985 exterior/a06d832de8.jpg,Impala,Chevrolet,1985
dataset/Chevrolet Impala 1985 exterior/76de72cc08.jpg,Impala,Chevrolet,1985
dataset/Chevrolet Impala 1985 exterior/f70852e6e6.jpg,Impala,Chevrolet,1985
dataset/Chevrolet Impala 1985 exterior/61ee8b0b59.jpg,Impala,Chevrolet,1985
dataset/Chevrolet Impala 1985 exterior/5139b93bad.jpg,Impala,Chevrolet,1985
dataset/Chevrolet Impala 1995 exterior/1f85e572a6.jpg,Impala,Chevrolet,1995
dataset/Chevrolet Impala 1995 exterior/50ff3e3b8e.jpg,Impala,Chevrolet,1995
dataset/Chevrolet Impala 1995 exterior/74d59cec04.jpg,Impala,Chevrolet,1995
dataset/Chevrolet Impala 1995 exterior/280faa6e20.jpg,Impala,Chevrolet,1995
dataset/Chevrolet Impala 1995 exterior/b48b449999.jpg,Impala,Chevrolet,1995
dataset/Chevrolet Impala 1995 exterior/51cbb5324c.jpg,Impala,Chevrolet,1995
dataset/Chevrolet Impala 1995 exterior/db8c37ec0c.jpg,Impala,Chevrolet,1995
dataset/Chevrolet Impala 1995 exterior/6b851b804a.jpg,Impala,Chevrolet,1995
dataset/Chevrolet Impala 1995 exterior/129c7d6678.jpg,Impala,Chevrolet,1995
dataset/Chevrolet Impala 1995 exterior/6f4efbffd5.jpg,Impala,Chevrolet,1995
dataset/Chevrolet Impala 1995 exterior/2f760e40af.jpg,Impala,Chevrolet,1995
dataset/Chevrolet Impala 1995 exterior/174247cdaf.jpg,Impala,Chevrolet,1995
dataset/Chevrolet Impala 1995 exterior/f84fffc49b.jpg,Impala,Chevrolet,1995
dataset/Chevrolet Impala 1995 exterior/262c40c5d5.jpg,Impala,Chevrolet,1995
dataset/Chevrolet Impala 1995 exterior/cee7db99c6.jpg,Impala,Chevrolet,1995
dataset/Chevrolet Impala 1995 exterior/19d3d61256.jpg,Impala,Chevrolet,1995
dataset/Chevrolet Impala 1995 exterior/26c5a2b370.jpg,Impala,Chevrolet,1995
dataset/Chevrolet Impala 1995 exterior/3becb8b87a.jpg,Impala,Chevrolet,1995
dataset/Chevrolet Impala 2005 exterior/1f4100a1dc.jpg,Impala,Chevrolet,2005
dataset/Chevrolet Impala 2005 exterior/3da2dff6b2.jpg,Impala,Chevrolet,2005
dataset/Chevrolet Impala 2005 exterior/abf79b3ec5.jpg,Impala,Chevrolet,2005
dataset/Chevrolet Impala 2005 exterior/ee3eb96b60.jpg,Impala,Chevrolet,2005
dataset/Chevrolet Impala 2005 exterior/9900f320d6.jpg,Impala,Chevrolet,2005
dataset/Chevrolet Impala 2005 exterior/1ba7d021a6.jpg,Impala,Chevrolet,2005
dataset/Chevrolet Impala 2005 exterior/8edc676572.jpg,Impala,Chevrolet,2005
dataset/Chevrolet Impala 2005 exterior/5826cfc375.jpg,Impala,Chevrolet,2005
dataset/Chevrolet Impala 2005 exterior/40c1a47291.jpg,Impala,Chevrolet,2005
dataset/Chevrolet Impala 2005 exterior/a0472ee110.jpg,Impala,Chevrolet,2005
dataset/Chevrolet Impala 2005 exterior/b76528937a.jpg,Impala,Chevrolet,2005
dataset/Chevrolet Impala 2005 exterior/25c7080650.jpg,Impala,Chevrolet,2005
dataset/Chevrolet Impala 2005 exterior/9b06da46b3.jpg,Impala,Chevrolet,2005
dataset/Chevrolet Malibu 2005 exterior/52fc02780d.jpg,Malibu,Chevrolet,2005
dataset/Chevrolet Malibu 2005 exterior/15054ac8b9.jpg,Malibu,Chevrolet,2005
dataset/Chevrolet Malibu 2005 exterior/9d41fa8725.jpg,Malibu,Chevrolet,2005
dataset/Chevrolet Malibu 2005 exterior/560097da52.jpg,Malibu,Chevrolet,2005
dataset/Chevrolet Malibu 2005 exterior/add9530748.jpg,Malibu,Chevrolet,2005
dataset/Chevrolet Malibu 2005 exterior/0788abb580.jpg,Malibu,Chevrolet,2005
dataset/Chevrolet Malibu 2005 exterior/50c3e74371.jpg,Malibu,Chevrolet,2005
dataset/Chevrolet Malibu 2005 exterior/563c8ae7e1.jpg,Malibu,Chevrolet,2005
dataset/Chevrolet Malibu 2005 exterior/9bcecb34a6.jpg,Malibu,Chevrolet,2005
dataset/Chevrolet Malibu 2005 exterior/ce47332782.jpg,Malibu,Chevrolet,2005
dataset/Chevrolet Malibu 2005 exterior/84d8637596.jpg,Malibu,Chevrolet,2005
dataset/Chevrolet Malibu 2005 exterior/5485f9a794.jpg,Malibu,Chevrolet,2005
dataset/Chevrolet Malibu 2005 exterior/4c5e3370ce.jpg,Malibu,Chevrolet,2005
dataset/Chevrolet Malibu 2005 exterior/6546e47f4b.jpg,Malibu,Chevrolet,2005
dataset/Chevrolet Malibu 2015 exterior/089c18264f.jpg,Malibu,Chevrolet,2015
dataset/Chevrolet Malibu 2015 exterior/8abd25125c.jpg,Malibu,Chevrolet,2015
dataset/Chevrolet Malibu 2015 exterior/e6c742abde.jpg,Malibu,Chevrolet,2015
dataset/Chevrolet Malibu 2015 exterior/e18a7638ca.jpg,Malibu,Chevrolet,2015
dataset/Chevrolet Malibu 2015 exterior/015880f88e.jpg,Malibu,Chevrolet,2015
dataset/Chevrolet Malibu 2015 exterior/d2864f3608.jpg,Malibu,Chevrolet,2015
dataset/Chevrolet Malibu 2015 exterior/80d9e531b2.jpg,Malibu,Chevrolet,2015
dataset/Chevrolet Malibu 2015 exterior/32a82e1994.jpg,Malibu,Chevrolet,2015
dataset/Chevrolet Malibu 2015 exterior/384b1ac7e4.jpg,Malibu,Chevrolet,2015
dataset/Chevrolet Malibu 2015 exterior/ab8ef0afee.jpg,Malibu,Chevrolet,2015
dataset/Chevrolet Malibu 2015 exterior/d6f576f77a.jpg,Malibu,Chevrolet,2015
dataset/Chevrolet Malibu 2015 exterior/65a44f22dc.jpg,Malibu,Chevrolet,2015
dataset/Chevrolet Malibu 2015 exterior/5d24efa2e1.jpg,Malibu,Chevrolet,2015
dataset/Chevrolet Malibu 2015 exterior/d7395dde23.jpg,Malibu,Chevrolet,2015
dataset/Chevrolet Malibu 2015 exterior/77b6f891e1.jpg,Malibu,Chevrolet,2015
dataset/Subaru Legacy 1999 exterior/16d5b334b0.jpg,Legacy,Subaru,1999
dataset/Subaru Legacy 1999 exterior/d43c63eeaf.jpg,Legacy,Subaru,1999
dataset/Subaru Legacy 1999 exterior/65c8f916f8.jpg,Legacy,Subaru,1999
dataset/Subaru Legacy 1999 exterior/0f270dddf8.jpg,Legacy,Subaru,1999
dataset/Subaru Legacy 1999 exterior/6c0d7de1ff.jpg,Legacy,Subaru,1999
dataset/Subaru Legacy 1999 exterior/0c173fdd7b.jpg,Legacy,Subaru,1999
dataset/Subaru Legacy 1999 exterior/1d35385ca0.jpg,Legacy,Subaru,1999
dataset/Subaru Legacy 1999 exterior/00e2333dac.jpg,Legacy,Subaru,1999
dataset/Subaru Legacy 1999 exterior/0423d6cd1c.jpg,Legacy,Subaru,1999
dataset/Subaru Legacy 1999 exterior/f53ee59d7a.jpg,Legacy,Subaru,1999
dataset/Subaru Legacy 1999 exterior/6501c50f1b.jpg,Legacy,Subaru,1999
dataset/Subaru Legacy 1999 exterior/3765f51f5d.jpg,Legacy,Subaru,1999
dataset/Subaru Legacy 1999 exterior/f33dacdfc5.jpg,Legacy,Subaru,1999
dataset/Subaru Legacy 1999 exterior/53f01a437c.jpg,Legacy,Subaru,1999
dataset/Subaru Legacy 1999 exterior/950dc16209.jpg,Legacy,Subaru,1999
dataset/Subaru Legacy 1999 exterior/14a84201f5.jpg,Legacy,Subaru,1999
dataset/Subaru Legacy 1999 exterior/287b5edb97.jpg,Legacy,Subaru,1999
dataset/Subaru Legacy 2005 exterior/e0b5e96a7a.jpg,Legacy,Subaru,2005
dataset/Subaru Legacy 2005 exterior/0ce00155e0.jpg,Legacy,Subaru,2005
dataset/Subaru Legacy 2005 exterior/6c7f68854e.jpg,Legacy,Subaru,2005
dataset/Subaru Legacy 2005 exterior/ed18990a4f.jpg,Legacy,Subaru,2005
dataset/Subaru Legacy 2005 exterior/d83270c2c1.jpg,Legacy,Subaru,2005
dataset/Subaru Legacy 2005 exterior/2da00a6ddc.jpg,Legacy,Subaru,2005
dataset/Subaru Legacy 2005 exterior/b5ead6219a.jpg,Legacy,Subaru,2005
dataset/Subaru Legacy 2005 exterior/71e01bc9cf.jpg,Legacy,Subaru,2005
dataset/Subaru Legacy 2005 exterior/ebdb867b5c.jpg,Legacy,Subaru,2005
dataset/Subaru Legacy 2005 exterior/f7a19a2c9d.jpg,Legacy,Subaru,2005
dataset/Subaru Legacy 2005 exterior/3aea52fcd9.jpg,Legacy,Subaru,2005
dataset/Subaru Legacy 2005 exterior/95db93d584.jpg,Legacy,Subaru,2005
dataset/Subaru Legacy 2005 exterior/c50c38e968.jpg,Legacy,Subaru,2005
dataset/Subaru Legacy 2005 exterior/e3ccead23a.jpg,Legacy,Subaru,2005
dataset/Subaru Legacy 2005 exterior/d03a402b0b.jpg,Legacy,Subaru,2005
dataset/Subaru Legacy 2005 exterior/e047e8b611.jpg,Legacy,Subaru,2005
dataset/Subaru Legacy 2005 exterior/9d80e47482.jpg,Legacy,Subaru,2005
dataset/Subaru Legacy 2015 exterior/98f0c81183.jpg,Legacy,Subaru,2015
dataset/Subaru Legacy 2015 exterior/a7e28cc48f.jpg,Legacy,Subaru,2015
dataset/Subaru Legacy 2015 exterior/0eaa575cd2.jpg,Legacy,Subaru,2015
dataset/Subaru Legacy 2015 exterior/5146ecf251.jpg,Legacy,Subaru,2015
dataset/Subaru Legacy 2015 exterior/63e17fdaba.jpg,Legacy,Subaru,2015
dataset/Subaru Legacy 2015 exterior/a39886140a.jpg,Legacy,Subaru,2015
dataset/Subaru Legacy 2015 exterior/8dd36635c9.jpg,Legacy,Subaru,2015
dataset/Subaru Legacy 2015 exterior/c236de6d7e.jpg,Legacy,Subaru,2015
dataset/Subaru Legacy 2015 exterior/31168dced3.jpg,Legacy,Subaru,2015
dataset/Subaru Legacy 2015 exterior/ab8a8201f9.jpg,Legacy,Subaru,2015
dataset/Subaru Legacy 2015 exterior/f69264db7d.jpg,Legacy,Subaru,2015
dataset/Subaru Legacy 2023 exterior/8f6b4cff48.jpg,Legacy,Subaru,2023
dataset/Subaru Legacy 2023 exterior/99ae744d94.jpg,Legacy,Subaru,2023
dataset/Subaru Legacy 2023 exterior/cd312130c9.jpg,Legacy,Subaru,2023
dataset/Subaru Legacy 2023 exterior/6c8a0d8505.jpg,Legacy,Subaru,2023
dataset/Subaru Legacy 2023 exterior/a99d2909a0.jpg,Legacy,Subaru,2023
dataset/Subaru Legacy 2023 exterior/a4fa7d5705.jpg,Legacy,Subaru,2023
dataset/Subaru Legacy 2023 exterior/5a1ec93317.jpg,Legacy,Subaru,2023
dataset/Subaru Legacy 2023 exterior/0ce0725fcc.jpg,Legacy,Subaru,2023
dataset/Subaru Legacy 2023 exterior/97f0215ca0.jpg,Legacy,Subaru,2023
dataset/Subaru Legacy 2023 exterior/7b0760810b.jpg,Legacy,Subaru,2023
dataset/Subaru Legacy 2023 exterior/1ae172776c.jpg,Legacy,Subaru,2023
dataset/Subaru Legacy 2023 exterior/2867f313c2.jpg,Legacy,Subaru,2023
dataset/Subaru Legacy 2023 exterior/5a743bf2a4.jpg,Legacy,Subaru,2023
dataset/Subaru Legacy 2023 exterior/0e756d123d.jpg,Legacy,Subaru,2023
dataset/Subaru Legacy 2023 exterior/99d6cf8307.jpg,Legacy,Subaru,2023
dataset/Volkswagan Jetta 1985 exterior/9858e23aec.jpg,Jetta,Volkswagan,1985
dataset/Volkswagan Jetta 1985 exterior/a70c178b83.jpg,Jetta,Volkswagan,1985
dataset/Volkswagan Jetta 1985 exterior/a156f6e209.jpg,Jetta,Volkswagan,1985
dataset/Volkswagan Jetta 1985 exterior/9042a3fe7f.jpg,Jetta,Volkswagan,1985
dataset/Volkswagan Jetta 1985 exterior/162d9e2e07.jpg,Jetta,Volkswagan,1985
dataset/Volkswagan Jetta 1985 exterior/5a8e1804ad.jpg,Jetta,Volkswagan,1985
dataset/Volkswagan Jetta 1985 exterior/9ac07d7274.jpg,Jetta,Volkswagan,1985
dataset/Volkswagan Jetta 1985 exterior/3f89d34e9e.jpg,Jetta,Volkswagan,1985
dataset/Volkswagan Jetta 1985 exterior/5bd769404b.jpg,Jetta,Volkswagan,1985
dataset/Volkswagan Jetta 1985 exterior/f1f8ad4fe2.jpg,Jetta,Volkswagan,1985
dataset/Volkswagan Jetta 1985 exterior/fe21f7839a.jpg,Jetta,Volkswagan,1985
dataset/Volkswagan Jetta 1985 exterior/ce08009500.jpg,Jetta,Volkswagan,1985
dataset/Volkswagan Jetta 1985 exterior/7137a26df4.jpg,Jetta,Volkswagan,1985
dataset/Volkswagan Jetta 1985 exterior/bd0fc9eee7.jpg,Jetta,Volkswagan,1985
dataset/Volkswagan Jetta 1985 exterior/e599b039e8.jpg,Jetta,Volkswagan,1985
dataset/Volkswagan Jetta 1985 exterior/87ad8baf49.jpg,Jetta,Volkswagan,1985
dataset/Volkswagan Jetta 1985 exterior/db14ca13f3.jpg,Jetta,Volkswagan,1985
dataset/Volkswagan Jetta 1995 exterior/522c46c021.jpg,Jetta,Volkswagan,1995
dataset/Volkswagan Jetta 1995 exterior/fa68b41ebf.jpg,Jetta,Volkswagan,1995
dataset/Volkswagan Jetta 1995 exterior/8ae2f29eb8.jpg,Jetta,Volkswagan,1995
dataset/Volkswagan Jetta 1995 exterior/1c543e256d.jpg,Jetta,Volkswagan,1995
dataset/Volkswagan Jetta 1995 exterior/6f0431d1f5.jpg,Jetta,Volkswagan,1995
dataset/Volkswagan Jetta 1995 exterior/89e75e9085.jpg,Jetta,Volkswagan,1995
dataset/Volkswagan Jetta 1995 exterior/5ecadea5e1.jpg,Jetta,Volkswagan,1995
dataset/Volkswagan Jetta 1995 exterior/3f481bbb69.jpg,Jetta,Volkswagan,1995
dataset/Volkswagan Jetta 1995 exterior/6e20644d14.jpg,Jetta,Volkswagan,1995
dataset/Volkswagan Jetta 1995 exterior/f4be14aab2.jpg,Jetta,Volkswagan,1995
dataset/Volkswagan Jetta 1995 exterior/c62ffc07b3.jpg,Jetta,Volkswagan,1995
dataset/Volkswagan Jetta 1995 exterior/9170f1b7bb.jpg,Jetta,Volkswagan,1995
dataset/Volkswagan Jetta 2005 exterior/57bbdf1a34.jpg,Jetta,Volkswagan,2005
dataset/Volkswagan Jetta 2005 exterior/f08a0dbb76.jpg,Jetta,Volkswagan,2005
dataset/Volkswagan Jetta 2005 exterior/dc70679557.jpg,Jetta,Volkswagan,2005
dataset/Volkswagan Jetta 2005 exterior/fd15d85f9e.jpg,Jetta,Volkswagan,2005
dataset/Volkswagan Jetta 2005 exterior/cc8298c60c.jpg,Jetta,Volkswagan,2005
dataset/Volkswagan Jetta 2005 exterior/9cbd1f7c06.jpg,Jetta,Volkswagan,2005
dataset/Volkswagan Jetta 2005 exterior/0d03051126.jpg,Jetta,Volkswagan,2005
dataset/Volkswagan Jetta 2005 exterior/495cc0a79e.jpg,Jetta,Volkswagan,2005
dataset/Volkswagan Jetta 2005 exterior/16e9b228a2.jpg,Jetta,Volkswagan,2005
dataset/Volkswagan Jetta 2005 exterior/ddfa25291d.jpg,Jetta,Volkswagan,2005
dataset/Volkswagan Jetta 2005 exterior/3b2b47486d.jpg,Jetta,Volkswagan,2005
dataset/Volkswagan Jetta 2005 exterior/2848df27fc.jpg,Jetta,Volkswagan,2005
dataset/Volkswagan Jetta 2005 exterior/f80e5f0f20.jpg,Jetta,Volkswagan,2005
dataset/Volkswagan Jetta 2005 exterior/0369aed36c.jpg,Jetta,Volkswagan,2005
dataset/Volkswagan Jetta 2005 exterior/79644d46ea.jpg,Jetta,Volkswagan,2005
dataset/Volkswagan Jetta 2005 exterior/ec984fd0fd.jpg,Jetta,Volkswagan,2005
dataset/Volkswagan Jetta 2005 exterior/ca7139604e.jpg,Jetta,Volkswagan,2005
dataset/Volkswagan Jetta 2015 exterior/7cd2f40c01.jpg,Jetta,Volkswagan,2015
dataset/Volkswagan Jetta 2015 exterior/5d3b139452.jpg,Jetta,Volkswagan,2015
dataset/Volkswagan Jetta 2015 exterior/61b9761ebd.jpg,Jetta,Volkswagan,2015
dataset/Volkswagan Jetta 2015 exterior/c2c880d433.jpg,Jetta,Volkswagan,2015
dataset/Volkswagan Jetta 2015 exterior/c3cce65f17.jpg,Jetta,Volkswagan,2015
dataset/Volkswagan Jetta 2015 exterior/968327a3f0.jpg,Jetta,Volkswagan,2015
dataset/Volkswagan Jetta 2015 exterior/7b68149647.jpg,Jetta,Volkswagan,2015
dataset/Volkswagan Jetta 2015 exterior/22cea71514.jpg,Jetta,Volkswagan,2015
dataset/Volkswagan Jetta 2015 exterior/6b67fa7f87.jpg,Jetta,Volkswagan,2015
dataset/Volkswagan Jetta 2015 exterior/a1e197f1bc.jpg,Jetta,Volkswagan,2015
dataset/Volkswagan Jetta 2015 exterior/6d3c192897.jpg,Jetta,Volkswagan,2015
dataset/Volkswagan Jetta 2023 exterior/7635ea5e6a.jpg,Jetta,Volkswagan,2023
dataset/Volkswagan Jetta 2023 exterior/ba593f6c37.jpg,Jetta,Volkswagan,2023
dataset/Volkswagan Jetta 2023 exterior/b4aa844730.jpg,Jetta,Volkswagan,2023
dataset/Volkswagan Jetta 2023 exterior/bede2f394d.jpg,Jetta,Volkswagan,2023
dataset/Volkswagan Jetta 2023 exterior/0d933bad51.jpg,Jetta,Volkswagan,2023
dataset/Volkswagan Jetta 2023 exterior/0c6f7f94f9.jpg,Jetta,Volkswagan,2023
dataset/Volkswagan Jetta 2023 exterior/4da5d64810.jpg,Jetta,Volkswagan,2023
dataset/Volkswagan Jetta 2023 exterior/1e92b15f14.jpg,Jetta,Volkswagan,2023
dataset/Volkswagan Jetta 2023 exterior/4496cd7a00.jpg,Jetta,Volkswagan,2023
dataset/Volkswagan Jetta 2023 exterior/a459a388ce.jpg,Jetta,Volkswagan,2023
dataset/Volkswagan Jetta 2023 exterior/c9d7fce8c7.jpg,Jetta,Volkswagan,2023
dataset/Volkswagan Jetta 2023 exterior/a512cda445.jpg,Jetta,Volkswagan,2023
dataset/Volkswagan Jetta 2023 exterior/d20e6dda83.jpg,Jetta,Volkswagan,2023
dataset/Volkswagan Jetta 2023 exterior/8e63f22c83.jpg,Jetta,Volkswagan,2023
dataset/Volkswagan Jetta 2023 exterior/feee41e2f5.jpg,Jetta,Volkswagan,2023
dataset/Volkswagan Jetta 2023 exterior/0f41ff3e5d.jpg,Jetta,Volkswagan,2023
dataset/Acura Integra 1995 exterior/6cc5be2eb5.jpg,Integra,Acura,1995
dataset/Acura Integra 1995 exterior/4add62ed3c.jpg,Integra,Acura,1995
dataset/Acura Integra 1995 exterior/72250ada4c.jpg,Integra,Acura,1995
dataset/Acura Integra 1995 exterior/f4f995080f.jpg,Integra,Acura,1995
dataset/Acura Integra 1995 exterior/24e344cd7e.jpg,Integra,Acura,1995
dataset/Acura Integra 1995 exterior/a8f0772154.jpg,Integra,Acura,1995
dataset/Acura Integra 1995 exterior/7876fe699d.jpg,Integra,Acura,1995
dataset/Acura Integra 1995 exterior/9ad140051e.jpg,Integra,Acura,1995
dataset/Acura Integra 1995 exterior/dae4c7b9fa.jpg,Integra,Acura,1995
dataset/Acura Integra 1995 exterior/b8facbd913.jpg,Integra,Acura,1995
dataset/Acura Integra 1995 exterior/de14c2d866.jpg,Integra,Acura,1995
dataset/Acura Integra 1995 exterior/d6a6358e75.jpg,Integra,Acura,1995
dataset/Acura Integra 1995 exterior/41e146304c.jpg,Integra,Acura,1995
dataset/Acura Integra 1995 exterior/93e98c64e2.jpg,Integra,Acura,1995
dataset/Acura Integra 1995 exterior/8b9cd86b9f.jpg,Integra,Acura,1995
dataset/Acura Integra 2005 exterior/9f834b2b27.jpg,Integra,Acura,2005
dataset/Acura Integra 2005 exterior/81d6ca9dd6.jpg,Integra,Acura,2005
dataset/Acura Integra 2005 exterior/c6d59aa111.jpg,Integra,Acura,2005
dataset/Acura Integra 2005 exterior/ac8c671c34.jpg,Integra,Acura,2005
dataset/Acura Integra 2005 exterior/8c2e85fb24.jpg,Integra,Acura,2005
dataset/Acura Integra 2005 exterior/80b03ee544.jpg,Integra,Acura,2005
dataset/Acura Integra 2005 exterior/cf092f7c09.jpg,Integra,Acura,2005
dataset/Acura Integra 2005 exterior/5ff49daef8.jpg,Integra,Acura,2005
dataset/Acura Integra 2005 exterior/9c2c9ff3b4.jpg,Integra,Acura,2005
dataset/Acura Integra 2005 exterior/553a6c0a7b.jpg,Integra,Acura,2005
dataset/Acura Integra 2005 exterior/50bd977a00.jpg,Integra,Acura,2005
dataset/Acura Integra 2005 exterior/abfa5b3b3a.jpg,Integra,Acura,2005
dataset/Acura Integra 2005 exterior/bc8dbafab4.jpg,Integra,Acura,2005
dataset/Acura Integra 2005 exterior/b893e5f43c.jpg,Integra,Acura,2005
dataset/Acura Integra 2005 exterior/e36f837bac.jpg,Integra,Acura,2005
dataset/Acura Integra 2005 exterior/f378b4fde1.jpg,Integra,Acura,2005
dataset/Acura Integra 2005 exterior/415d62dafa.jpg,Integra,Acura,2005
dataset/Acura Integra 2005 exterior/7147059300.jpg,Integra,Acura,2005
dataset/Acura Integra 2023 exterior/8bfbcf2e92.jpg,Integra,Acura,2023
dataset/Acura Integra 2023 exterior/74094ee831.jpg,Integra,Acura,2023
dataset/Acura Integra 2023 exterior/206606d8d4.jpg,Integra,Acura,2023
dataset/Acura Integra 2023 exterior/1bb62cf21c.jpg,Integra,Acura,2023
dataset/Acura Integra 2023 exterior/1299ce3f9e.jpg,Integra,Acura,2023
dataset/Acura Integra 2023 exterior/b9974bf221.jpg,Integra,Acura,2023
dataset/Acura Integra 2023 exterior/1e62e03fd6.jpg,Integra,Acura,2023
dataset/Acura Integra 2023 exterior/7d7543fe57.jpg,Integra,Acura,2023
dataset/Acura Integra 2023 exterior/e58d2cf296.jpg,Integra,Acura,2023
dataset/Acura Integra 2023 exterior/97904d80fb.jpg,Integra,Acura,2023
dataset/Acura Integra 2023 exterior/58d0888b60.jpg,Integra,Acura,2023
dataset/Nissan Maxima 1990 exterior/34891e7187.jpg,Maxima,Nissan,1990
dataset/Nissan Maxima 1990 exterior/4aad38a87a.jpg,Maxima,Nissan,1990
dataset/Nissan Maxima 1990 exterior/d5435c3f52.jpg,Maxima,Nissan,1990
dataset/Nissan Maxima 1990 exterior/3ed50641e9.jpg,Maxima,Nissan,1990
dataset/Nissan Maxima 1990 exterior/aa09d32952.jpg,Maxima,Nissan,1990
dataset/Nissan Maxima 1990 exterior/cc99b52724.jpg,Maxima,Nissan,1990
dataset/Nissan Maxima 1990 exterior/aa24978e77.jpg,Maxima,Nissan,1990
dataset/Nissan Maxima 1990 exterior/3dc6af95dd.jpg,Maxima,Nissan,1990
dataset/Nissan Maxima 1990 exterior/0326e602e9.jpg,Maxima,Nissan,1990
dataset/Nissan Maxima 1990 exterior/ae708558ba.jpg,Maxima,Nissan,1990
dataset/Nissan Maxima 1990 exterior/c25466a0c5.jpg,Maxima,Nissan,1990
dataset/Nissan Maxima 1990 exterior/5a3ad47062.jpg,Maxima,Nissan,1990
dataset/Nissan Maxima 1990 exterior/137d19d271.jpg,Maxima,Nissan,1990
dataset/Nissan Maxima 1990 exterior/461baa4c36.jpg,Maxima,Nissan,1990
dataset/Nissan Maxima 1990 exterior/7ef03b0908.jpg,Maxima,Nissan,1990
dataset/Nissan Maxima 1990 exterior/e206666252.jpg,Maxima,Nissan,1990
dataset/Nissan Maxima 1995 exterior/13d2b92ebd.jpg,Maxima,Nissan,1995
dataset/Nissan Maxima 1995 exterior/4c64ea3fd8.jpg,Maxima,Nissan,1995
dataset/Nissan Maxima 1995 exterior/bc2a48fd87.jpg,Maxima,Nissan,1995
dataset/Nissan Maxima 1995 exterior/57ea169900.jpg,Maxima,Nissan,1995
dataset/Nissan Maxima 1995 exterior/4f3f81486a.jpg,Maxima,Nissan,1995
dataset/Nissan Maxima 1995 exterior/904696099b.jpg,Maxima,Nissan,1995
dataset/Nissan Maxima 1995 exterior/a721842d50.jpg,Maxima,Nissan,1995
dataset/Nissan Maxima 1995 exterior/5a9b8cde90.jpg,Maxima,Nissan,1995
dataset/Nissan Maxima 1995 exterior/7dcac6cfa2.jpg,Maxima,Nissan,1995
dataset/Nissan Maxima 1995 exterior/488ed01922.jpg,Maxima,Nissan,1995
dataset/Nissan Maxima 1995 exterior/25b1b16949.jpg,Maxima,Nissan,1995
dataset/Nissan Maxima 1995 exterior/a78320e369.jpg,Maxima,Nissan,1995
dataset/Nissan Maxima 1995 exterior/5dd418a004.jpg,Maxima,Nissan,1995
dataset/Nissan Maxima 1995 exterior/6e24ff3b99.jpg,Maxima,Nissan,1995
dataset/Nissan Maxima 1995 exterior/6f4c6e586f.jpg,Maxima,Nissan,1995
dataset/Nissan Maxima 1995 exterior/caf0ecc5b1.jpg,Maxima,Nissan,1995
dataset/Nissan Maxima 2000 exterior/3fe256ef00.jpg,Maxima,Nissan,2000
dataset/Nissan Maxima 2000 exterior/b7f7f108a1.jpg,Maxima,Nissan,2000
dataset/Nissan Maxima 2000 exterior/b7490d045b.jpg,Maxima,Nissan,2000
dataset/Nissan Maxima 2000 exterior/f1a80b8137.jpg,Maxima,Nissan,2000
dataset/Nissan Maxima 2000 exterior/855bc505a2.jpg,Maxima,Nissan,2000
dataset/Nissan Maxima 2000 exterior/13066391b8.jpg,Maxima,Nissan,2000
dataset/Nissan Maxima 2000 exterior/d11aa7aeb5.jpg,Maxima,Nissan,2000
dataset/Nissan Maxima 2000 exterior/15d05f9fe2.jpg,Maxima,Nissan,2000
dataset/Nissan Maxima 2000 exterior/c4a8e64225.jpg,Maxima,Nissan,2000
dataset/Nissan Maxima 2000 exterior/36a4d6db53.jpg,Maxima,Nissan,2000
dataset/Nissan Maxima 2000 exterior/e6ad0e85c9.jpg,Maxima,Nissan,2000
dataset/Nissan Maxima 2000 exterior/8cea34b9f0.jpg,Maxima,Nissan,2000
dataset/Nissan Maxima 2000 exterior/8c0426374e.jpg,Maxima,Nissan,2000
dataset/Nissan Maxima 2000 exterior/40b6218b02.jpg,Maxima,Nissan,2000
dataset/Nissan Maxima 2000 exterior/ff009f97f2.jpg,Maxima,Nissan,2000
dataset/Nissan Maxima 2005 exterior/db967711b4.jpg,Maxima,Nissan,2005
dataset/Nissan Maxima 2005 exterior/68139b6f95.jpg,Maxima,Nissan,2005
dataset/Nissan Maxima 2005 exterior/9501632cce.jpg,Maxima,Nissan,2005
dataset/Nissan Maxima 2005 exterior/391bfec40c.jpg,Maxima,Nissan,2005
dataset/Nissan Maxima 2005 exterior/a4a64a6cd2.jpg,Maxima,Nissan,2005
dataset/Nissan Maxima 2005 exterior/f99a5d9168.jpg,Maxima,Nissan,2005
dataset/Nissan Maxima 2005 exterior/dd2f80fca4.jpg,Maxima,Nissan,2005
dataset/Nissan Maxima 2005 exterior/ce9ef4f407.jpg,Maxima,Nissan,2005
dataset/Nissan Maxima 2005 exterior/9950aeadda.jpg,Maxima,Nissan,2005
dataset/Nissan Maxima 2005 exterior/92562dad34.jpg,Maxima,Nissan,2005
dataset/Nissan Maxima 2005 exterior/c3833fb692.jpg,Maxima,Nissan,2005
dataset/Nissan Maxima 2005 exterior/0a8c09a09c.jpg,Maxima,Nissan,2005
dataset/Nissan Maxima 2005 exterior/5eb8c9a55e.jpg,Maxima,Nissan,2005
dataset/Nissan Maxima 2005 exterior/05271d71d9.jpg,Maxima,Nissan,2005
dataset/Nissan Maxima 2005 exterior/64d478a9d9.jpg,Maxima,Nissan,2005
dataset/Nissan Maxima 2005 exterior/ecb15f37d7.jpg,Maxima,Nissan,2005
dataset/Nissan Maxima 2023 exterior/a268b0bd56.jpg,Maxima,Nissan,2023
dataset/Nissan Maxima 2023 exterior/f2857cdf1c.jpg,Maxima,Nissan,2023
dataset/Nissan Maxima 2023 exterior/f9fd9ff0fe.jpg,Maxima,Nissan,2023
dataset/Nissan Maxima 2023 exterior/1a769d2add.jpg,Maxima,Nissan,2023
dataset/Nissan Maxima 2023 exterior/423ee98653.jpg,Maxima,Nissan,2023
dataset/Nissan Maxima 2023 exterior/c86b785819.jpg,Maxima,Nissan,2023
dataset/Nissan Maxima 2023 exterior/8f60dd2e34.jpg,Maxima,Nissan,2023
dataset/Nissan Maxima 2023 exterior/ab0f4352d0.jpg,Maxima,Nissan,2023
dataset/Nissan Maxima 2023 exterior/cc2f6746e0.jpg,Maxima,Nissan,2023
dataset/Nissan Maxima 2023 exterior/a5f0d38268.jpg,Maxima,Nissan,2023
dataset/Nissan Maxima 2023 exterior/5bc656d709.jpg,Maxima,Nissan,2023
dataset/Nissan Maxima 2023 exterior/9d3219a7a8.jpg,Maxima,Nissan,2023
dataset/Nissan Maxima 2023 exterior/2c358e0ee5.jpg,Maxima,Nissan,2023
dataset/Nissan Maxima 2023 exterior/844a3f739f.jpg,Maxima,Nissan,2023
dataset/Nissan Maxima 2023 exterior/b90a329017.jpg,Maxima,Nissan,2023
dataset/Nissan Maxima 2023 exterior/1874c02e73.jpg,Maxima,Nissan,2023
dataset/Mazda Axela 2005 exterior sedan/283b1b63b4.jpg,Axela,Mazda,2005
dataset/Mazda Axela 2005 exterior sedan/7b17bb9c40.jpg,Axela,Mazda,2005
dataset/Mazda Axela 2005 exterior sedan/c843100e6b.jpg,Axela,Mazda,2005
dataset/Mazda Axela 2005 exterior sedan/17d91a2050.jpg,Axela,Mazda,2005
dataset/Mazda Axela 2005 exterior sedan/b84531cae0.jpg,Axela,Mazda,2005
dataset/Mazda Axela 2005 exterior sedan/1ac55461ed.jpg,Axela,Mazda,2005
dataset/Mazda Axela 2005 exterior sedan/71d44e5a91.jpg,Axela,Mazda,2005
dataset/Mazda Axela 2005 exterior sedan/99567a2c00.jpg,Axela,Mazda,2005
dataset/Mazda Axela 2015 exterior sedan/92af68693c.jpg,Axela,Mazda,2015
dataset/Mazda Axela 2015 exterior sedan/b6456a9963.jpg,Axela,Mazda,2015
dataset/Mazda Axela 2015 exterior sedan/926df881e3.jpg,Axela,Mazda,2015
dataset/Mazda Axela 2015 exterior sedan/c2a3d3a089.jpg,Axela,Mazda,2015
dataset/Mazda Axela 2015 exterior sedan/128ad1a3d0.jpg,Axela,Mazda,2015
dataset/Mazda Axela 2015 exterior sedan/8fb2bf147a.jpg,Axela,Mazda,2015
dataset/Mazda Axela 2015 exterior sedan/52b6411bf9.jpg,Axela,Mazda,2015
dataset/Mazda Axela 2015 exterior sedan/97ba83c2c7.jpg,Axela,Mazda,2015
dataset/Mazda Axela 2015 exterior sedan/4a7b1fdf60.jpg,Axela,Mazda,2015
dataset/Mazda Axela 2015 exterior sedan/def2f37ac1.jpg,Axela,Mazda,2015
dataset/Mazda Axela 2015 exterior sedan/5b45b01c40.jpg,Axela,Mazda,2015
dataset/Mazda Axela 2015 exterior sedan/44a820ce59.jpg,Axela,Mazda,2015
dataset/Mazda Axela 2015 exterior sedan/3022527f5b.jpg,Axela,Mazda,2015
dataset/Mazda Axela 2023 exterior sedan/52194a9328.jpg,Axela,Mazda,2023
dataset/Mazda Axela 2023 exterior sedan/b9d00fdbfc.jpg,Axela,Mazda,2023
dataset/Mazda Axela 2023 exterior sedan/13a6bccc04.jpg,Axela,Mazda,2023
dataset/Mazda Axela 2023 exterior sedan/193d20cf7e.jpg,Axela,Mazda,2023
dataset/Mazda Axela 2023 exterior sedan/e25a68a8d6.jpg,Axela,Mazda,2023
dataset/Mazda Axela 2023 exterior sedan/c5faf8b9a7.jpg,Axela,Mazda,2023
dataset/Mazda Axela 2023 exterior sedan/3c58e125d2.jpg,Axela,Mazda,2023
dataset/Mazda Axela 2023 exterior sedan/b970073350.jpg,Axela,Mazda,2023
dataset/Mazda Axela 2023 exterior sedan/9c022e98c6.jpg,Axela,Mazda,2023
dataset/Mazda Axela 2023 exterior sedan/8bacb176a8.jpg,Axela,Mazda,2023
dataset/Mazda Axela 2023 exterior sedan/9524db7d57.jpg,Axela,Mazda,2023
dataset/Mazda Axela 2023 exterior sedan/dda7458acb.jpg,Axela,Mazda,2023
dataset/Mazda Axela 2023 exterior sedan/353ff571aa.jpg,Axela,Mazda,2023
dataset/Mazda Axela 2023 exterior sedan/85b60a181c.jpg,Axela,Mazda,2023
dataset/Mazda Axela 2023 exterior sedan/157c68cbcc.jpg,Axela,Mazda,2023
dataset/Mazda Axela 2023 exterior sedan/6ca16cbbc7.jpg,Axela,Mazda,2023
dataset/Mazda Axela 2023 exterior sedan/5fbba23ac0.jpg,Axela,Mazda,2023
dataset/Mazda Axela 2023 exterior sedan/c231b75d3d.jpg,Axela,Mazda,2023
dataset/Kia Optima 2003 exterior/73ff4df477.jpg,Optima,Kia,2003
dataset/Kia Optima 2003 exterior/8274d9b933.jpg,Optima,Kia,2003
dataset/Kia Optima 2003 exterior/aed4cd5006.jpg,Optima,Kia,2003
dataset/Kia Optima 2003 exterior/661d3c86bf.jpg,Optima,Kia,2003
dataset/Kia Optima 2003 exterior/3959db61e7.jpg,Optima,Kia,2003
dataset/Kia Optima 2003 exterior/57c70c9985.jpg,Optima,Kia,2003
dataset/Kia Optima 2003 exterior/cedbe6e956.jpg,Optima,Kia,2003
dataset/Kia Optima 2003 exterior/c23aa72c47.jpg,Optima,Kia,2003
dataset/Kia Optima 2003 exterior/77f4c3acd2.jpg,Optima,Kia,2003
dataset/Kia Optima 2003 exterior/99efdf9087.jpg,Optima,Kia,2003
dataset/Kia Optima 2003 exterior/910df8c4fa.jpg,Optima,Kia,2003
dataset/Kia Optima 2003 exterior/bbbc5ba1fe.jpg,Optima,Kia,2003
dataset/Kia Optima 2003 exterior/3c0fe1e64c.jpg,Optima,Kia,2003
dataset/Kia Optima 2003 exterior/ee86443740.jpg,Optima,Kia,2003
dataset/Kia Optima 2003 exterior/ef9b73ccc6.jpg,Optima,Kia,2003
dataset/Kia Optima 2003 exterior/b1594c5204.jpg,Optima,Kia,2003
dataset/Kia Optima 2015 exterior/e71c8cf332.jpg,Optima,Kia,2015
dataset/Kia Optima 2015 exterior/e35626e455.jpg,Optima,Kia,2015
dataset/Kia Optima 2015 exterior/209f15eba8.jpg,Optima,Kia,2015
dataset/Kia Optima 2015 exterior/ac3fbe3a6c.jpg,Optima,Kia,2015
dataset/Kia Optima 2015 exterior/101f2335d5.jpg,Optima,Kia,2015
dataset/Kia Optima 2015 exterior/5824324b62.jpg,Optima,Kia,2015
dataset/Kia Optima 2015 exterior/fc5dfb828e.jpg,Optima,Kia,2015
dataset/Kia Optima 2015 exterior/ca6d54dfbb.jpg,Optima,Kia,2015
dataset/Kia Optima 2015 exterior/ca42996c56.jpg,Optima,Kia,2015
dataset/Kia Optima 2015 exterior/70ae597813.jpg,Optima,Kia,2015
dataset/Kia Optima 2015 exterior/ebac71492d.jpg,Optima,Kia,2015
dataset/Kia Optima 2015 exterior/a48705138c.jpg,Optima,Kia,2015
dataset/Kia Optima 2015 exterior/8da34c7deb.jpg,Optima,Kia,2015
dataset/Kia Optima 2015 exterior/59c52e3de2.jpg,Optima,Kia,2015
dataset/Hyundai Sonata 1990 exterior/d0a27d4f76.jpg,Sonata,Hyundai,1990
dataset/Hyundai Sonata 1990 exterior/2a954de7ef.jpg,Sonata,Hyundai,1990
dataset/Hyundai Sonata 1990 exterior/0ab1e8c9da.jpg,Sonata,Hyundai,1990
dataset/Hyundai Sonata 1990 exterior/22081cd72c.jpg,Sonata,Hyundai,1990
dataset/Hyundai Sonata 1990 exterior/6fe5561733.jpg,Sonata,Hyundai,1990
dataset/Hyundai Sonata 1990 exterior/81cea12ca2.jpg,Sonata,Hyundai,1990
dataset/Hyundai Sonata 1990 exterior/7d3660f711.jpg,Sonata,Hyundai,1990
dataset/Hyundai Sonata 1990 exterior/4fe019c4c0.jpg,Sonata,Hyundai,1990
dataset/Hyundai Sonata 1990 exterior/415868ab4f.jpg,Sonata,Hyundai,1990
dataset/Hyundai Sonata 1990 exterior/dc31edd75f.jpg,Sonata,Hyundai,1990
dataset/Hyundai Sonata 1990 exterior/e2357c4f38.jpg,Sonata,Hyundai,1990
dataset/Hyundai Sonata 1995 exterior/75d790f0cc.jpg,Sonata,Hyundai,1995
dataset/Hyundai Sonata 1995 exterior/9470f9c43e.jpg,Sonata,Hyundai,1995
dataset/Hyundai Sonata 1995 exterior/ecbc83caf0.jpg,Sonata,Hyundai,1995
dataset/Hyundai Sonata 1995 exterior/5f32b04f65.jpg,Sonata,Hyundai,1995
dataset/Hyundai Sonata 1995 exterior/335df2daf6.jpg,Sonata,Hyundai,1995
dataset/Hyundai Sonata 1995 exterior/9089f53cee.jpg,Sonata,Hyundai,1995
dataset/Hyundai Sonata 1995 exterior/ed007d58aa.jpg,Sonata,Hyundai,1995
dataset/Hyundai Sonata 1995 exterior/06516a2aad.jpg,Sonata,Hyundai,1995
dataset/Hyundai Sonata 1995 exterior/eb704df2c3.jpg,Sonata,Hyundai,1995
dataset/Hyundai Sonata 1995 exterior/4a1cb7312e.jpg,Sonata,Hyundai,1995
dataset/Hyundai Sonata 1995 exterior/0e944728dc.jpg,Sonata,Hyundai,1995
dataset/Hyundai Sonata 2015 exterior/f9e9c04603.jpg,Sonata,Hyundai,2015
dataset/Hyundai Sonata 2015 exterior/065ee113f7.jpg,Sonata,Hyundai,2015
dataset/Hyundai Sonata 2015 exterior/8a880aa1e8.jpg,Sonata,Hyundai,2015
dataset/Hyundai Sonata 2015 exterior/b47dded8fe.jpg,Sonata,Hyundai,2015
dataset/Hyundai Sonata 2015 exterior/bef014fc47.jpg,Sonata,Hyundai,2015
dataset/Hyundai Sonata 2015 exterior/d09465ae8e.jpg,Sonata,Hyundai,2015
dataset/Hyundai Sonata 2015 exterior/60449015a5.jpg,Sonata,Hyundai,2015
dataset/Hyundai Sonata 2015 exterior/93b31ff8d4.jpg,Sonata,Hyundai,2015
dataset/Hyundai Sonata 2015 exterior/c8a26cc1c5.jpg,Sonata,Hyundai,2015
dataset/Hyundai Sonata 2015 exterior/d033f70eb0.jpg,Sonata,Hyundai,2015
dataset/Hyundai Sonata 2015 exterior/0fd7eb349d.jpg,Sonata,Hyundai,2015
dataset/Hyundai Sonata 2023 exterior/a6d3622c8c.jpg,Sonata,Hyundai,2023
dataset/Hyundai Sonata 2023 exterior/11eb86c105.jpg,Sonata,Hyundai,2023
dataset/Hyundai Sonata 2023 exterior/331d4cd199.jpg,Sonata,Hyundai,2023
dataset/Hyundai Sonata 2023 exterior/673c65be3d.jpg,Sonata,Hyundai,2023
dataset/Hyundai Sonata 2023 exterior/c7a2e0def7.jpg,Sonata,Hyundai,2023
dataset/Hyundai Sonata 2023 exterior/96c26d19a0.jpg,Sonata,Hyundai,2023
dataset/Hyundai Sonata 2023 exterior/8265f5bee8.jpg,Sonata,Hyundai,2023
dataset/Hyundai Sonata 2023 exterior/cd2f18ab24.jpg,Sonata,Hyundai,2023
dataset/Hyundai Sonata 2023 exterior/0b11884072.jpg,Sonata,Hyundai,2023
dataset/Hyundai Sonata 2023 exterior/9aa647638f.jpg,Sonata,Hyundai,2023
dataset/Hyundai Sonata 2023 exterior/421c6ea848.jpg,Sonata,Hyundai,2023
dataset/Hyundai Sonata 2023 exterior/a075d999fe.jpg,Sonata,Hyundai,2023
dataset/Hyundai Sonata 2023 exterior/763b27add1.jpg,Sonata,Hyundai,2023
dataset/Hyundai Sonata 2023 exterior/b9657fb0ac.jpg,Sonata,Hyundai,2023
dataset/Hyundai Sonata 2023 exterior/350b20ba97.jpg,Sonata,Hyundai,2023
dataset/Hyundai Sonata 2023 exterior/dd680fa653.jpg,Sonata,Hyundai,2023
dataset/Hyundai Sonata 2023 exterior/d08c66414c.jpg,Sonata,Hyundai,2023
dataset/Dodge ChargerSRT 2008 exterior/c65f76a5de.jpg,ChargerSRT,Dodge,2008
dataset/Dodge ChargerSRT 2008 exterior/6ec1a5f41b.jpg,ChargerSRT,Dodge,2008
dataset/Dodge ChargerSRT 2008 exterior/b4d21a9c92.jpg,ChargerSRT,Dodge,2008
dataset/Dodge ChargerSRT 2008 exterior/373a875ffe.jpg,ChargerSRT,Dodge,2008
dataset/Dodge ChargerSRT 2008 exterior/b604d7b900.jpg,ChargerSRT,Dodge,2008
dataset/Dodge ChargerSRT 2008 exterior/f47337b652.jpg,ChargerSRT,Dodge,2008
dataset/Dodge ChargerSRT 2008 exterior/8b8547e4b1.jpg,ChargerSRT,Dodge,2008
dataset/Dodge ChargerSRT 2008 exterior/30f4ab9c4c.jpg,ChargerSRT,Dodge,2008
dataset/Dodge ChargerSRT 2008 exterior/e44f20b73e.jpg,ChargerSRT,Dodge,2008
dataset/Dodge ChargerSRT 2008 exterior/70f1cd18e0.jpg,ChargerSRT,Dodge,2008
dataset/Dodge ChargerSRT 2008 exterior/622cab208b.jpg,ChargerSRT,Dodge,2008
dataset/Dodge ChargerSRT 2008 exterior/a23bc61cf1.jpg,ChargerSRT,Dodge,2008
dataset/Dodge ChargerSRT 2008 exterior/9658be854f.jpg,ChargerSRT,Dodge,2008
dataset/Dodge ChargerSRT 2008 exterior/220cefc1f4.jpg,ChargerSRT,Dodge,2008
dataset/Dodge ChargerSRT 2008 exterior/d9e6413488.jpg,ChargerSRT,Dodge,2008
dataset/Dodge ChargerSRT 2008 exterior/e8dabe3c53.jpg,ChargerSRT,Dodge,2008
dataset/Dodge ChargerSRT 2008 exterior/5aac05d535.jpg,ChargerSRT,Dodge,2008
dataset/Dodge ChargerSRT 2015 exterior/5e3305f572.jpg,ChargerSRT,Dodge,2015
dataset/Dodge ChargerSRT 2015 exterior/d7b0bf6a2b.jpg,ChargerSRT,Dodge,2015
dataset/Dodge ChargerSRT 2015 exterior/7736098a1e.jpg,ChargerSRT,Dodge,2015
dataset/Dodge ChargerSRT 2015 exterior/ec610c1ebc.jpg,ChargerSRT,Dodge,2015
dataset/Dodge ChargerSRT 2015 exterior/ddbf6e46e3.jpg,ChargerSRT,Dodge,2015
dataset/Dodge ChargerSRT 2015 exterior/c9d322579a.jpg,ChargerSRT,Dodge,2015
dataset/Dodge ChargerSRT 2015 exterior/cb9d8a7814.jpg,ChargerSRT,Dodge,2015
dataset/Dodge ChargerSRT 2015 exterior/755bc3f216.jpg,ChargerSRT,Dodge,2015
dataset/Dodge ChargerSRT 2015 exterior/acf4e08e3a.jpg,ChargerSRT,Dodge,2015
dataset/Dodge ChargerSRT 2015 exterior/f8e666bdb1.jpg,ChargerSRT,Dodge,2015
dataset/Dodge ChargerSRT 2015 exterior/05e7478132.jpg,ChargerSRT,Dodge,2015
dataset/Dodge ChargerSRT 2015 exterior/bc0c23e3c7.jpg,ChargerSRT,Dodge,2015
dataset/Dodge ChargerSRT 2015 exterior/b130fabbdb.jpg,ChargerSRT,Dodge,2015
dataset/Dodge ChargerSRT 2015 exterior/e01af74303.jpg,ChargerSRT,Dodge,2015
dataset/Dodge ChargerSRT 2015 exterior/0891a0b470.jpg,ChargerSRT,Dodge,2015
dataset/Dodge ChargerSRT 2015 exterior/42b95d6aa2.jpg,ChargerSRT,Dodge,2015
dataset/Dodge ChargerSRT 2023 exterior/7c54fbf264.jpg,ChargerSRT,Dodge,2023
dataset/Dodge ChargerSRT 2023 exterior/eed5170d8d.jpg,ChargerSRT,Dodge,2023
dataset/Dodge ChargerSRT 2023 exterior/99979df2b9.jpg,ChargerSRT,Dodge,2023
dataset/Dodge ChargerSRT 2023 exterior/a64df33e22.jpg,ChargerSRT,Dodge,2023
dataset/Dodge ChargerSRT 2023 exterior/75136e1d62.jpg,ChargerSRT,Dodge,2023
dataset/Dodge ChargerSRT 2023 exterior/d3b16ec1e5.jpg,ChargerSRT,Dodge,2023
dataset/Dodge ChargerSRT 2023 exterior/7fc4ccf04d.jpg,ChargerSRT,Dodge,2023
dataset/Dodge ChargerSRT 2023 exterior/77201c22c2.jpg,ChargerSRT,Dodge,2023
dataset/Dodge ChargerSRT 2023 exterior/8a8394f392.jpg,ChargerSRT,Dodge,2023
dataset/Dodge ChargerSRT 2023 exterior/dba4ca965f.jpg,ChargerSRT,Dodge,2023
dataset/Dodge ChargerSRT 2023 exterior/77550c9b35.jpg,ChargerSRT,Dodge,2023
dataset/Dodge ChargerSRT 2023 exterior/cc463a16de.jpg,ChargerSRT,Dodge,2023
dataset/Dodge ChargerSRT 2023 exterior/ddcf198d50.jpg,ChargerSRT,Dodge,2023
dataset/Dodge ChargerSRT 2023 exterior/bd902725ca.jpg,ChargerSRT,Dodge,2023
dataset/Dodge ChargerSRT 2023 exterior/67b6495f62.jpg,ChargerSRT,Dodge,2023
dataset/Dodge ChargerSRT 2023 exterior/2424decbee.jpg,ChargerSRT,Dodge,2023
dataset/Dodge ChargerSRT 2023 exterior/763055a21b.jpg,ChargerSRT,Dodge,2023
dataset/Dodge ChargerSRT 2023 exterior/ae2e0b97ed.jpg,ChargerSRT,Dodge,2023
dataset/Dodge ChargerSRT 2023 exterior/c22bb044c1.jpg,ChargerSRT,Dodge,2023
dataset/Buick Regal 1995 exterior/4723184d43.jpg,Regal,Buick,1995
dataset/Buick Regal 1995 exterior/0a39e1106c.jpg,Regal,Buick,1995
dataset/Buick Regal 1995 exterior/0c76196dc6.jpg,Regal,Buick,1995
dataset/Buick Regal 1995 exterior/de26dfae71.jpg,Regal,Buick,1995
dataset/Buick Regal 1995 exterior/047d93b1c7.jpg,Regal,Buick,1995
dataset/Buick Regal 1995 exterior/a701b1d59c.jpg,Regal,Buick,1995
dataset/Buick Regal 1995 exterior/694b5f3d3e.jpg,Regal,Buick,1995
dataset/Buick Regal 1995 exterior/6889a6fea9.jpg,Regal,Buick,1995
dataset/Buick Regal 1995 exterior/b17d86ea4e.jpg,Regal,Buick,1995
dataset/Buick Regal 1995 exterior/caa3148c65.jpg,Regal,Buick,1995
dataset/Buick Regal 1995 exterior/98aa7c9203.jpg,Regal,Buick,1995
dataset/Buick Regal 1995 exterior/3f5ef53692.jpg,Regal,Buick,1995
dataset/Buick Regal 1995 exterior/434895af34.jpg,Regal,Buick,1995
dataset/Buick Regal 1995 exterior/d50c40b502.jpg,Regal,Buick,1995
dataset/Buick Regal 2003 exterior/d27a0e146f.jpg,Regal,Buick,2003
dataset/Buick Regal 2003 exterior/6797ef2e22.jpg,Regal,Buick,2003
dataset/Buick Regal 2003 exterior/180065a907.jpg,Regal,Buick,2003
dataset/Buick Regal 2003 exterior/f5773d3dc6.jpg,Regal,Buick,2003
dataset/Buick Regal 2003 exterior/55908fe534.jpg,Regal,Buick,2003
dataset/Buick Regal 2003 exterior/39cecabc32.jpg,Regal,Buick,2003
dataset/Buick Regal 2003 exterior/71e71c7911.jpg,Regal,Buick,2003
dataset/Buick Regal 2003 exterior/a15531418d.jpg,Regal,Buick,2003
dataset/Buick Regal 2003 exterior/b76521b254.jpg,Regal,Buick,2003
dataset/Buick Regal 2003 exterior/5cede77cb2.jpg,Regal,Buick,2003
dataset/Buick Regal 2003 exterior/6cfb31fea7.jpg,Regal,Buick,2003
dataset/Buick Regal 2003 exterior/0f0e32b64c.jpg,Regal,Buick,2003
dataset/Buick Regal 2003 exterior/212f020be2.jpg,Regal,Buick,2003
dataset/Buick Regal 2003 exterior/1cfe65eb0b.jpg,Regal,Buick,2003dataset/toyota camry 1995 exterior/d71b0ecc11.jpg,camry,toyota,1995
dataset/toyota camry 1995 exterior/c458887874.jpg,camry,toyota,1995
dataset/toyota camry 1995 exterior/fad07b20fe.jpg,camry,toyota,1995
dataset/toyota camry 1995 exterior/50de5fb1b7.jpg,camry,toyota,1995
dataset/toyota camry 1995 exterior/6eb46f27c5.jpg,camry,toyota,1995
dataset/toyota camry 1995 exterior/a68c38c3ed.jpg,camry,toyota,1995
dataset/toyota camry 1995 exterior/35e69bf2b9.jpg,camry,toyota,1995
dataset/toyota camry 1995 exterior/15615d7438.jpg,camry,toyota,1995
dataset/toyota camry 1995 exterior/8933131309.jpg,camry,toyota,1995
dataset/toyota camry 1995 exterior/0302502727.jpg,camry,toyota,1995
dataset/toyota camry 1995 exterior/c93f8a7bb9.jpg,camry,toyota,1995
dataset/toyota camry 1995 exterior/3342704822.jpg,camry,toyota,1995
dataset/toyota camry 1995 exterior/b25485f33c.jpg,camry,toyota,1995
dataset/toyota camry 1995 exterior/11cf61aab3.jpg,camry,toyota,1995
dataset/toyota camry 1995 exterior/53f0a01344.jpg,camry,toyota,1995
dataset/toyota camry 1995 exterior/9e1068ae4f.jpg,camry,toyota,1995
dataset/toyota camry 1995 exterior/473b7ce96f.jpg,camry,toyota,1995
dataset/toyota camry 1995 exterior/ac0c3f0ff7.jpg,camry,toyota,1995
dataset/BMW M3 Sedan 1988 exterior/432895c7bf.jpg,M3,BMW,Sedan
dataset/BMW M3 Sedan 1988 exterior/269e37031f.jpg,M3,BMW,Sedan
dataset/BMW M3 Sedan 1988 exterior/2e141a61d8.jpg,M3,BMW,Sedan
dataset/BMW M3 Sedan 1988 exterior/3e02e3ce3a.jpg,M3,BMW,Sedan
dataset/BMW M3 Sedan 1988 exterior/6c779aacf3.jpg,M3,BMW,Sedan
dataset/BMW M3 Sedan 1988 exterior/799c71d7df.jpg,M3,BMW,Sedan
dataset/BMW M3 Sedan 1988 exterior/2065ad5bb1.jpg,M3,BMW,Sedan
dataset/BMW M3 Sedan 1988 exterior/d5a3a43752.jpg,M3,BMW,Sedan
dataset/BMW M3 Sedan 1988 exterior/1c74109363.jpg,M3,BMW,Sedan
dataset/BMW M3 Sedan 1988 exterior/59e374fa46.jpg,M3,BMW,Sedan
dataset/BMW M3 Sedan 1988 exterior/951b12cd12.jpg,M3,BMW,Sedan
dataset/BMW M3 Sedan 1988 exterior/a242555cb4.jpg,M3,BMW,Sedan
dataset/BMW M3 Sedan 1988 exterior/3454b52758.jpg,M3,BMW,Sedan
dataset/BMW M3 Sedan 1988 exterior/fd455a6128.jpg,M3,BMW,Sedan
dataset/BMW M3 Sedan 1988 exterior/493e7a0af2.jpg,M3,BMW,Sedan
dataset/BMW M3 Sedan 1988 exterior/ddacd303be.jpg,M3,BMW,Sedan
dataset/BMW M3 Sedan 1988 exterior/bb95db54d4.jpg,M3,BMW,Sedan
dataset/BMW M3 Sedan 2005 exterior/c9cd656d91.jpg,M3,BMW,Sedan
dataset/BMW M3 Sedan 2005 exterior/4fa6a31a60.jpg,M3,BMW,Sedan
dataset/BMW M3 Sedan 2005 exterior/511b5ec8e3.jpg,M3,BMW,Sedan
dataset/BMW M3 Sedan 2005 exterior/228b4cd34b.jpg,M3,BMW,Sedan
dataset/BMW M3 Sedan 2005 exterior/6679d70853.jpg,M3,BMW,Sedan
dataset/BMW M3 Sedan 2005 exterior/146e918011.jpg,M3,BMW,Sedan
dataset/BMW M3 Sedan 2005 exterior/fcf6308c2d.jpg,M3,BMW,Sedan
dataset/BMW M3 Sedan 2005 exterior/268e42294b.jpg,M3,BMW,Sedan
dataset/BMW M3 Sedan 2005 exterior/f78d1e7083.jpg,M3,BMW,Sedan
dataset/BMW M3 Sedan 2005 exterior/ea6e432914.jpg,M3,BMW,Sedan
dataset/BMW M3 Sedan 2005 exterior/ea22446bf4.jpg,M3,BMW,Sedan
dataset/BMW M3 Sedan 2005 exterior/05162809c9.jpg,M3,BMW,Sedan
dataset/BMW M3 Sedan 2005 exterior/3fb10f6a79.jpg,M3,BMW,Sedan
dataset/BMW M3 Sedan 2005 exterior/ac2a37bee8.jpg,M3,BMW,Sedan
dataset/BMW M3 Sedan 2005 exterior/c48f852605.jpg,M3,BMW,Sedan
dataset/BMW M3 Sedan 2005 exterior/395a43182e.jpg,M3,BMW,Sedan
dataset/BMW M3 Sedan 2005 exterior/8f36555d36.jpg,M3,BMW,Sedan
dataset/BMW M3 Sedan 2005 exterior/97d1770300.jpg,M3,BMW,Sedan
dataset/Lexus LS 1989 exterior/6257d1aadd.jpg,LS,Lexus,1989
dataset/Lexus LS 1989 exterior/356100ab32.jpg,LS,Lexus,1989
dataset/Lexus LS 1989 exterior/318c5b7ef4.jpg,LS,Lexus,1989
dataset/Lexus LS 1989 exterior/e44a0b06f1.jpg,LS,Lexus,1989
dataset/Lexus LS 1989 exterior/3da25747e3.jpg,LS,Lexus,1989
dataset/Lexus LS 1989 exterior/4b372d16d4.jpg,LS,Lexus,1989
dataset/Lexus LS 1989 exterior/9b8cbc0ebf.jpg,LS,Lexus,1989
dataset/Lexus LS 1989 exterior/1ed111681d.jpg,LS,Lexus,1989
dataset/Lexus LS 1989 exterior/fda56eb409.jpg,LS,Lexus,1989
dataset/Lexus LS 1989 exterior/cbf3461604.jpg,LS,Lexus,1989
dataset/Lexus LS 1989 exterior/46b6c7f0fa.jpg,LS,Lexus,1989
dataset/Lexus LS 1989 exterior/0978a79da7.jpg,LS,Lexus,1989
dataset/Lexus LS 1989 exterior/c0a39b0c7d.jpg,LS,Lexus,1989
dataset/Lexus LS 1989 exterior/7b32da537c.jpg,LS,Lexus,1989
dataset/Lexus LS 1989 exterior/3757f47989.jpg,LS,Lexus,1989
dataset/Lexus LS 1989 exterior/01d028a3cc.jpg,LS,Lexus,1989
dataset/Lexus LS 1989 exterior/8d87947b42.jpg,LS,Lexus,1989
dataset/Lexus LS 1989 exterior/4da0040b2e.jpg,LS,Lexus,1989
dataset/Lexus LS 1989 exterior/2c54e2a96d.jpg,LS,Lexus,1989
dataset/Lexus LS 1989 exterior/d364bd8baf.jpg,LS,Lexus,1989
dataset/Hyundai Elantra 1995 exterior/658ed09621.jpg,Elantra,Hyundai,1995
dataset/Hyundai Elantra 1995 exterior/e82674928d.jpg,Elantra,Hyundai,1995
dataset/Hyundai Elantra 1995 exterior/c44b957840.jpg,Elantra,Hyundai,1995
dataset/Hyundai Elantra 1995 exterior/c2b08d884f.jpg,Elantra,Hyundai,1995
dataset/Hyundai Elantra 1995 exterior/86b3e92ed3.jpg,Elantra,Hyundai,1995
dataset/Hyundai Elantra 1995 exterior/d9dbb3f106.jpg,Elantra,Hyundai,1995
dataset/Hyundai Elantra 1995 exterior/554bab0408.jpg,Elantra,Hyundai,1995
dataset/Hyundai Elantra 1995 exterior/a379c10c6b.jpg,Elantra,Hyundai,1995
dataset/Hyundai Elantra 1995 exterior/61943d2f75.jpg,Elantra,Hyundai,1995
dataset/Hyundai Elantra 1995 exterior/a117539b79.jpg,Elantra,Hyundai,1995
dataset/Hyundai Elantra 1995 exterior/86f26320af.jpg,Elantra,Hyundai,1995
dataset/Hyundai Elantra 1995 exterior/127f2ad168.jpg,Elantra,Hyundai,1995
dataset/Hyundai Elantra 1995 exterior/930899c598.jpg,Elantra,Hyundai,1995
dataset/Hyundai Elantra 1995 exterior/4ad324c9a0.jpg,Elantra,Hyundai,1995
dataset/Hyundai Elantra 1995 exterior/296d5c26f8.jpg,Elantra,Hyundai,1995
dataset/Hyundai Elantra 2015 exterior/0f5ccc4ad2.jpg,Elantra,Hyundai,2015
dataset/Hyundai Elantra 2015 exterior/a213a1b77c.jpg,Elantra,Hyundai,2015
dataset/Hyundai Elantra 2015 exterior/bc7d6f2226.jpg,Elantra,Hyundai,2015
dataset/Hyundai Elantra 2015 exterior/d330d2370a.jpg,Elantra,Hyundai,2015
dataset/Hyundai Elantra 2015 exterior/79e042a220.jpg,Elantra,Hyundai,2015
dataset/Hyundai Elantra 2015 exterior/1b7184e652.jpg,Elantra,Hyundai,2015
dataset/Hyundai Elantra 2015 exterior/7a6e5eb025.jpg,Elantra,Hyundai,2015
dataset/Hyundai Elantra 2015 exterior/6a7ac145fa.jpg,Elantra,Hyundai,2015
dataset/Hyundai Elantra 2015 exterior/8d883197ab.jpg,Elantra,Hyundai,2015
dataset/Hyundai Elantra 2015 exterior/e87536bb98.jpg,Elantra,Hyundai,2015
dataset/Hyundai Elantra 2015 exterior/a98a8c56d6.jpg,Elantra,Hyundai,2015
dataset/Hyundai Elantra 2015 exterior/b581cf8725.jpg,Elantra,Hyundai,2015
dataset/Volkswagon Passat 1995 exterior/1ca315b4c5.jpg,Passat,Volkswagon,1995
dataset/Volkswagon Passat 1995 exterior/9287484d8d.jpg,Passat,Volkswagon,1995
dataset/Volkswagon Passat 1995 exterior/c0666011b1.jpg,Passat,Volkswagon,1995
dataset/Volkswagon Passat 1995 exterior/3c2aecc02e.jpg,Passat,Volkswagon,1995
dataset/Volkswagon Passat 1995 exterior/7f94dedeea.jpg,Passat,Volkswagon,1995
dataset/Volkswagon Passat 1995 exterior/e2430898f9.jpg,Passat,Volkswagon,1995
dataset/Volkswagon Passat 1995 exterior/78ed9af5ab.jpg,Passat,Volkswagon,1995
dataset/Volkswagon Passat 1995 exterior/0727100a70.jpg,Passat,Volkswagon,1995
dataset/Volkswagon Passat 1995 exterior/19ae4bd7a9.jpg,Passat,Volkswagon,1995
dataset/Volkswagon Passat 1995 exterior/c996f319e7.jpg,Passat,Volkswagon,1995
dataset/Volkswagon Passat 1995 exterior/3f9a47b99d.jpg,Passat,Volkswagon,1995
dataset/Volkswagon Passat 1995 exterior/b52267477c.jpg,Passat,Volkswagon,1995
dataset/Volkswagon Passat 1995 exterior/6dea154f6b.jpg,Passat,Volkswagon,1995
dataset/Volkswagon Passat 2005 exterior/bdbd4735f4.jpg,Passat,Volkswagon,2005
dataset/Volkswagon Passat 2005 exterior/3193fa0946.jpg,Passat,Volkswagon,2005
dataset/Volkswagon Passat 2005 exterior/a0189de408.jpg,Passat,Volkswagon,2005
dataset/Volkswagon Passat 2005 exterior/1bb14e5d12.jpg,Passat,Volkswagon,2005
dataset/Volkswagon Passat 2005 exterior/cd91c1943b.jpg,Passat,Volkswagon,2005
dataset/Volkswagon Passat 2005 exterior/f948c3c55f.jpg,Passat,Volkswagon,2005
dataset/Volkswagon Passat 2005 exterior/a3fa6f4280.jpg,Passat,Volkswagon,2005
dataset/Volkswagon Passat 2005 exterior/90fde16648.jpg,Passat,Volkswagon,2005
dataset/Volkswagon Passat 2005 exterior/475e8dac62.jpg,Passat,Volkswagon,2005
dataset/Volkswagon Passat 2005 exterior/9f2a39ae68.jpg,Passat,Volkswagon,2005
dataset/Volkswagon Passat 2005 exterior/a963886394.jpg,Passat,Volkswagon,2005
dataset/Volkswagon Passat 2005 exterior/5b26e4a25a.jpg,Passat,Volkswagon,2005
dataset/Volkswagon Passat 2005 exterior/cdb4b5931b.jpg,Passat,Volkswagon,2005
dataset/Volkswagon Passat 2005 exterior/5b23bd116b.jpg,Passat,Volkswagon,2005
dataset/Volkswagon Passat 2005 exterior/b73196b8ce.jpg,Passat,Volkswagon,2005
dataset/Volkswagon Passat 2005 exterior/79a2605dc5.jpg,Passat,Volkswagon,2005
dataset/Volkswagon Passat 2005 exterior/e883f66ae1.jpg,Passat,Volkswagon,2005
dataset/Volkswagon Passat 2005 exterior/818192c45e.jpg,Passat,Volkswagon,2005
dataset/Honda Accord 1985 exterior/701015d153.jpg,Accord,Honda,1985
dataset/Honda Accord 1985 exterior/950bd366a1.jpg,Accord,Honda,1985
dataset/Honda Accord 1985 exterior/8ee3dbb921.jpg,Accord,Honda,1985
dataset/Honda Accord 1985 exterior/e429ff3ede.jpg,Accord,Honda,1985
dataset/Honda Accord 1985 exterior/503308e61f.jpg,Accord,Honda,1985
dataset/Honda Accord 1985 exterior/790fcd3c95.jpg,Accord,Honda,1985
dataset/Honda Accord 1985 exterior/0e793645d5.jpg,Accord,Honda,1985
dataset/Honda Accord 1985 exterior/efed7749e2.jpg,Accord,Honda,1985
dataset/Honda Accord 1985 exterior/550414da75.jpg,Accord,Honda,1985
dataset/Honda Accord 1985 exterior/3e9f63321e.jpg,Accord,Honda,1985
dataset/Honda Accord 1985 exterior/2047cceb98.jpg,Accord,Honda,1985
dataset/Honda Accord 1985 exterior/7e5a0b2fb1.jpg,Accord,Honda,1985
dataset/Honda Accord 1985 exterior/3f09aa1f3d.jpg,Accord,Honda,1985
dataset/Honda Accord 1985 exterior/e8088f7b76.jpg,Accord,Honda,1985
dataset/Honda Accord 1985 exterior/7f83187fa0.jpg,Accord,Honda,1985
dataset/Honda Accord 1985 exterior/e079cb5425.jpg,Accord,Honda,1985
dataset/Honda Accord 1985 exterior/7aa854bf59.jpg,Accord,Honda,1985
dataset/Honda Accord 1985 exterior/0a6b30bd31.jpg,Accord,Honda,1985
dataset/Mitsubishi Lancer 1995 exterior/f740795304.jpg,Lancer,Mitsubishi,1995
dataset/Mitsubishi Lancer 1995 exterior/2270ca7b23.jpg,Lancer,Mitsubishi,1995
dataset/Mitsubishi Lancer 1995 exterior/b1433a3b57.jpg,Lancer,Mitsubishi,1995
dataset/Mitsubishi Lancer 1995 exterior/261001a8f9.jpg,Lancer,Mitsubishi,1995
dataset/Mitsubishi Lancer 1995 exterior/04696d3789.jpg,Lancer,Mitsubishi,1995
dataset/Mitsubishi Lancer 1995 exterior/2d0f42413e.jpg,Lancer,Mitsubishi,1995
dataset/Mitsubishi Lancer 1995 exterior/bb58bbe6f9.jpg,Lancer,Mitsubishi,1995
dataset/Mitsubishi Lancer 1995 exterior/1357095630.jpg,Lancer,Mitsubishi,1995
dataset/Mitsubishi Lancer 1995 exterior/9c1278df03.jpg,Lancer,Mitsubishi,1995
dataset/Mitsubishi Lancer 1995 exterior/17ddea0c06.jpg,Lancer,Mitsubishi,1995
dataset/Mitsubishi Lancer 1995 exterior/fc58e386d9.jpg,Lancer,Mitsubishi,1995
dataset/Mitsubishi Lancer 1995 exterior/92fe198358.jpg,Lancer,Mitsubishi,1995
dataset/Mitsubishi Lancer 1995 exterior/80e476440a.jpg,Lancer,Mitsubishi,1995
dataset/Mitsubishi Lancer 1995 exterior/57ad2aeeb7.jpg,Lancer,Mitsubishi,1995
dataset/Mitsubishi Lancer 1995 exterior/8eb7005c2b.jpg,Lancer,Mitsubishi,1995
dataset/Mitsubishi Lancer 1995 exterior/8bf3497fca.jpg,Lancer,Mitsubishi,1995
dataset/Mitsubishi Lancer 1995 exterior/fbd80c00e6.jpg,Lancer,Mitsubishi,1995
dataset/Mitsubishi Lancer 1995 exterior/360eb295bf.jpg,Lancer,Mitsubishi,1995
dataset/Mitsubishi Lancer 1995 exterior/b746611099.jpg,Lancer,Mitsubishi,1995
dataset/Mitsubishi Lancer 2015 exterior/24aa649dc2.jpg,Lancer,Mitsubishi,2015
dataset/Mitsubishi Lancer 2015 exterior/a5fd695154.jpg,Lancer,Mitsubishi,2015
dataset/Mitsubishi Lancer 2015 exterior/fe07212306.jpg,Lancer,Mitsubishi,2015
dataset/Mitsubishi Lancer 2015 exterior/9b264ad00e.jpg,Lancer,Mitsubishi,2015
dataset/Mitsubishi Lancer 2015 exterior/a9f8032768.jpg,Lancer,Mitsubishi,2015
dataset/Mitsubishi Lancer 2015 exterior/a2815777df.jpg,Lancer,Mitsubishi,2015
dataset/Mitsubishi Lancer 2015 exterior/de77897492.jpg,Lancer,Mitsubishi,2015
dataset/Mitsubishi Lancer 2015 exterior/53007e73d5.jpg,Lancer,Mitsubishi,2015
dataset/Mitsubishi Lancer 2015 exterior/4c4ae870e8.jpg,Lancer,Mitsubishi,2015
dataset/Mitsubishi Lancer 2015 exterior/9af3c00626.jpg,Lancer,Mitsubishi,2015
dataset/Mitsubishi Lancer 2015 exterior/a6e91a2134.jpg,Lancer,Mitsubishi,2015
dataset/Mitsubishi Lancer 2015 exterior/bd2dc8ad8f.jpg,Lancer,Mitsubishi,2015
dataset/Toyota Corolla 1995 exterior sedan/2d453950af.jpg,Corolla,Toyota,1995
dataset/Toyota Corolla 1995 exterior sedan/4e95a651bb.jpg,Corolla,Toyota,1995
dataset/Toyota Corolla 1995 exterior sedan/92343454be.jpg,Corolla,Toyota,1995
dataset/Toyota Corolla 1995 exterior sedan/d233176dea.jpg,Corolla,Toyota,1995
dataset/Toyota Corolla 1995 exterior sedan/295f4e3556.jpg,Corolla,Toyota,1995
dataset/Toyota Corolla 1995 exterior sedan/460975ed0b.jpg,Corolla,Toyota,1995
dataset/Toyota Corolla 1995 exterior sedan/daacb1a8b0.jpg,Corolla,Toyota,1995
dataset/Toyota Corolla 1995 exterior sedan/30b540bfde.jpg,Corolla,Toyota,1995
dataset/Toyota Corolla 1995 exterior sedan/3aae270b2f.jpg,Corolla,Toyota,1995
dataset/Toyota Corolla 1995 exterior sedan/1cbc0273af.jpg,Corolla,Toyota,1995
dataset/Toyota Corolla 1995 exterior sedan/03615a641b.jpg,Corolla,Toyota,1995
dataset/Toyota Corolla 1995 exterior sedan/31b9315783.jpg,Corolla,Toyota,1995
dataset/Toyota Corolla 1995 exterior sedan/f33600c8c5.jpg,Corolla,Toyota,1995
dataset/Toyota Corolla 1995 exterior sedan/83b8f3d39e.jpg,Corolla,Toyota,1995
dataset/Toyota Corolla 1995 exterior sedan/61bcf7e08d.jpg,Corolla,Toyota,1995
dataset/Toyota Corolla 1995 exterior sedan/ce64d4050e.jpg,Corolla,Toyota,1995
dataset/Toyota Corolla 1995 exterior sedan/30de641e27.jpg,Corolla,Toyota,1995
dataset/Toyota Corolla 1995 exterior sedan/96a866482e.jpg,Corolla,Toyota,1995
dataset/Chevrolet Impala 2015 exterior/11f38c341f.jpg,Impala,Chevrolet,2015
dataset/Chevrolet Impala 2015 exterior/e9cd57be18.jpg,Impala,Chevrolet,2015
dataset/Chevrolet Impala 2015 exterior/4292d4936e.jpg,Impala,Chevrolet,2015
dataset/Chevrolet Impala 2015 exterior/a79e069206.jpg,Impala,Chevrolet,2015
dataset/Chevrolet Impala 2015 exterior/93ae45c9d8.jpg,Impala,Chevrolet,2015
dataset/Chevrolet Impala 2015 exterior/eaa9d97e67.jpg,Impala,Chevrolet,2015
dataset/Chevrolet Impala 2015 exterior/70f60376bc.jpg,Impala,Chevrolet,2015
dataset/Chevrolet Impala 2015 exterior/6b2b400506.jpg,Impala,Chevrolet,2015
dataset/Chevrolet Impala 2015 exterior/cc5cc1f9ee.jpg,Impala,Chevrolet,2015
dataset/Chevrolet Impala 2015 exterior/2842b94a8b.jpg,Impala,Chevrolet,2015
dataset/Chevrolet Impala 2015 exterior/11557ea63b.jpg,Impala,Chevrolet,2015
dataset/Chevrolet Impala 2015 exterior/bf034c4ab8.jpg,Impala,Chevrolet,2015
dataset/Chevrolet Impala 2015 exterior/c5c298eb5e.jpg,Impala,Chevrolet,2015
dataset/Chevrolet Impala 2015 exterior/9a54f1cee5.jpg,Impala,Chevrolet,2015
dataset/Nissan Maxima 2015 exterior/d1a94de1b8.jpg,Maxima,Nissan,2015
dataset/Nissan Maxima 2015 exterior/c0f8f4eb79.jpg,Maxima,Nissan,2015
dataset/Nissan Maxima 2015 exterior/6180875ed6.jpg,Maxima,Nissan,2015
dataset/Nissan Maxima 2015 exterior/8350762a14.jpg,Maxima,Nissan,2015
dataset/Nissan Maxima 2015 exterior/a31f319067.jpg,Maxima,Nissan,2015
dataset/Nissan Maxima 2015 exterior/3ec0cbfb5b.jpg,Maxima,Nissan,2015
dataset/Nissan Maxima 2015 exterior/43b68b3807.jpg,Maxima,Nissan,2015
dataset/Nissan Maxima 2015 exterior/652873e9dd.jpg,Maxima,Nissan,2015
dataset/Nissan Maxima 2015 exterior/4d9df717a0.jpg,Maxima,Nissan,2015
dataset/Nissan Maxima 2015 exterior/c7f4ac1725.jpg,Maxima,Nissan,2015
dataset/Nissan Maxima 2015 exterior/bc69cdd789.jpg,Maxima,Nissan,2015
dataset/Nissan Maxima 2015 exterior/2ff5b6ae96.jpg,Maxima,Nissan,2015
dataset/Nissan Maxima 2015 exterior/9e92494f68.jpg,Maxima,Nissan,2015
dataset/Nissan Maxima 2015 exterior/7945a6f309.jpg,Maxima,Nissan,2015
dataset/Nissan Maxima 2015 exterior/535d6016e3.jpg,Maxima,Nissan,2015
dataset/Nissan Maxima 2015 exterior/d4ae337e3d.jpg,Maxima,Nissan,2015
dataset/Kia Optima 2023 exterior/241ba960fd.jpg,Optima,Kia,2023
dataset/Kia Optima 2023 exterior/4db6b2fbb5.jpg,Optima,Kia,2023
dataset/Kia Optima 2023 exterior/dae60f019f.jpg,Optima,Kia,2023
dataset/Kia Optima 2023 exterior/7ea4720923.jpg,Optima,Kia,2023
dataset/Kia Optima 2023 exterior/1e0edd4402.jpg,Optima,Kia,2023
dataset/Kia Optima 2023 exterior/de754a0dd8.jpg,Optima,Kia,2023
dataset/Kia Optima 2023 exterior/4b803f32dd.jpg,Optima,Kia,2023
dataset/Kia Optima 2023 exterior/4e47970b54.jpg,Optima,Kia,2023
dataset/Kia Optima 2023 exterior/c16cbaa533.jpg,Optima,Kia,2023
dataset/Kia Optima 2023 exterior/6503d59958.jpg,Optima,Kia,2023
dataset/Kia Optima 2023 exterior/20ccf30330.jpg,Optima,Kia,2023
dataset/Kia Optima 2023 exterior/78c892a659.jpg,Optima,Kia,2023
dataset/Kia Optima 2023 exterior/fd2dabbcde.jpg,Optima,Kia,2023
dataset/Kia Optima 2023 exterior/cb8e14a800.jpg,Optima,Kia,2023
dataset/Kia Optima 2023 exterior/43a8305122.jpg,Optima,Kia,2023
dataset/Kia Optima 2023 exterior/0ed9b351d9.jpg,Optima,Kia,2023
dataset/Kia Optima 2023 exterior/15c3f45540.jpg,Optima,Kia,2023
dataset/Buick Regal 1988 exterior/f490afc3d4.jpg,Regal,Buick,1988
dataset/Buick Regal 1988 exterior/a30555e86a.jpg,Regal,Buick,1988
dataset/Buick Regal 1988 exterior/4c893eb8bb.jpg,Regal,Buick,1988
dataset/Buick Regal 1988 exterior/139da6f527.jpg,Regal,Buick,1988
dataset/Buick Regal 1988 exterior/d6f3868ab7.jpg,Regal,Buick,1988
dataset/Buick Regal 1988 exterior/1da8228b0b.jpg,Regal,Buick,1988
dataset/Buick Regal 1988 exterior/697f41ce07.jpg,Regal,Buick,1988
dataset/Buick Regal 1988 exterior/621089b6c4.jpg,Regal,Buick,1988
dataset/Buick Regal 1988 exterior/888d4dafff.jpg,Regal,Buick,1988
dataset/Buick Regal 1988 exterior/a6727e679b.jpg,Regal,Buick,1988
dataset/Buick Regal 1988 exterior/aca9634eed.jpg,Regal,Buick,1988
dataset/Buick Regal 1988 exterior/638c518dcb.jpg,Regal,Buick,1988
dataset/Buick Regal 1988 exterior/3a7c97ac01.jpg,Regal,Buick,1988
dataset/Buick Regal 1988 exterior/16a426df4a.jpg,Regal,Buick,1988
dataset/Buick Regal 1988 exterior/7aacb8cbfb.jpg,Regal,Buick,1988
dataset/Buick Regal 1988 exterior/94efeefe4f.jpg,Regal,Buick,1988
dataset/Buick Regal 1988 exterior/7a35708b73.jpg,Regal,Buick,1988
dataset/toyota camry 2005 exterior/15c261cace.jpg,camry,toyota,2005
dataset/toyota camry 2005 exterior/4ac5f6b4ad.jpg,camry,toyota,2005
dataset/toyota camry 2005 exterior/de1032f587.jpg,camry,toyota,2005
dataset/toyota camry 2005 exterior/c9a28e7619.jpg,camry,toyota,2005
dataset/toyota camry 2005 exterior/c92c87887c.jpg,camry,toyota,2005
dataset/toyota camry 2005 exterior/b3a23cb618.jpg,camry,toyota,2005
dataset/toyota camry 2005 exterior/c15dda9068.jpg,camry,toyota,2005
dataset/toyota camry 2005 exterior/8f88e475fa.jpg,camry,toyota,2005
dataset/toyota camry 2005 exterior/c8cbe024c3.jpg,camry,toyota,2005
dataset/toyota camry 2005 exterior/55b3b7164e.jpg,camry,toyota,2005
dataset/Honda Civic 1995 exterior/87b9f6036f.jpg,Civic,Honda,1995
dataset/Honda Civic 1995 exterior/07024e2002.jpg,Civic,Honda,1995
dataset/Honda Civic 1995 exterior/116692557c.jpg,Civic,Honda,1995
dataset/Honda Civic 1995 exterior/0194811cf7.jpg,Civic,Honda,1995
dataset/Honda Civic 1995 exterior/7c7f6b2aaa.jpg,Civic,Honda,1995
dataset/Honda Civic 1995 exterior/378a0bb3b0.jpg,Civic,Honda,1995
dataset/Honda Civic 1995 exterior/e77ad64e48.jpg,Civic,Honda,1995
dataset/Honda Civic 1995 exterior/4e63428112.jpg,Civic,Honda,1995
dataset/Honda Civic 1995 exterior/9f84c4d5bb.jpg,Civic,Honda,1995
dataset/Honda Civic 1995 exterior/3b62049813.jpg,Civic,Honda,1995
dataset/Honda Civic 1995 exterior/b80d58c51d.jpg,Civic,Honda,1995
dataset/Hyundai Sonata 2005 exterior/89a90794c8.jpg,Sonata,Hyundai,2005
dataset/Hyundai Sonata 2005 exterior/dcbe4b23d7.jpg,Sonata,Hyundai,2005
dataset/Hyundai Sonata 2005 exterior/77acaec530.jpg,Sonata,Hyundai,2005
dataset/Hyundai Sonata 2005 exterior/37145c53f4.jpg,Sonata,Hyundai,2005
dataset/Hyundai Sonata 2005 exterior/f5778d389b.jpg,Sonata,Hyundai,2005
dataset/Hyundai Sonata 2005 exterior/152fdf4cf6.jpg,Sonata,Hyundai,2005
dataset/Hyundai Sonata 2005 exterior/3673b3b623.jpg,Sonata,Hyundai,2005
dataset/Hyundai Sonata 2005 exterior/eb241326a5.jpg,Sonata,Hyundai,2005
dataset/Hyundai Sonata 2005 exterior/2d0a5b4781.jpg,Sonata,Hyundai,2005
dataset/Hyundai Sonata 2005 exterior/31fd66c6e8.jpg,Sonata,Hyundai,2005
dataset/Hyundai Sonata 2005 exterior/baf90dd389.jpg,Sonata,Hyundai,2005
dataset/Hyundai Sonata 2005 exterior/080380932e.jpg,Sonata,Hyundai,2005
dataset/Toyota Corolla 2005 exterior sedan/cfda80ddf1.jpg,Corolla,Toyota,2005
dataset/Toyota Corolla 2005 exterior sedan/04397e34fd.jpg,Corolla,Toyota,2005
dataset/Toyota Corolla 2005 exterior sedan/34f84d0aea.jpg,Corolla,Toyota,2005
dataset/Toyota Corolla 2005 exterior sedan/b7bbed5331.jpg,Corolla,Toyota,2005
dataset/Toyota Corolla 2005 exterior sedan/2343c42cdb.jpg,Corolla,Toyota,2005
dataset/Toyota Corolla 2005 exterior sedan/702d9e9719.jpg,Corolla,Toyota,2005
dataset/Toyota Corolla 2005 exterior sedan/3099c6c8f5.jpg,Corolla,Toyota,2005
dataset/Toyota Corolla 2005 exterior sedan/2a23a72c3f.jpg,Corolla,Toyota,2005
dataset/Chevrolet Impala 2023 exterior/39629b03b6.jpg,Impala,Chevrolet,2023
dataset/Chevrolet Impala 2023 exterior/247a68d72b.jpg,Impala,Chevrolet,2023
dataset/Chevrolet Impala 2023 exterior/28127a5889.jpg,Impala,Chevrolet,2023
dataset/Chevrolet Impala 2023 exterior/8f60408072.jpg,Impala,Chevrolet,2023
dataset/Chevrolet Impala 2023 exterior/18b80cf549.jpg,Impala,Chevrolet,2023
dataset/Chevrolet Impala 2023 exterior/64f21c43cb.jpg,Impala,Chevrolet,2023
dataset/Chevrolet Impala 2023 exterior/8efbbdc906.jpg,Impala,Chevrolet,2023
dataset/Chevrolet Impala 2023 exterior/d1b74029b8.jpg,Impala,Chevrolet,2023
dataset/Chevrolet Impala 2023 exterior/df3afb867e.jpg,Impala,Chevrolet,2023
